Workbook

Sheet Order Details Aug22-Mar23
B3: NBF | E3: ORDER DETAILS AS PER INDENT OF NARAENDRA BREEDING FARMS | S3: Update as on 30.03.2023
B5: INDENT | D5: NARAENDRA BREEDING FARMS | F5: D E T A I L S A B O U T I T E M | K5: D E T A I L S A B O U T P R I C E | P5: D E T A I L S A B O U T P U R C H A S E O R D E R
B7: DATE OF INDENT | D7: NAME OF ITEM | F7: REQUIRE QTY | G7: UOM | H7: PACK SIZE | I7: OREDR QTY | K7: PRICE | L7: GST % | M7: GST Crgs | N7: NET PRICE | P7: PO RAISED ON | R7: PO DATE / NO | T7: NAME OF SUPPLIER
A9: 1 | B9: N A | D9: FLYVIN | F9: 70 | G9: Kg | H9: 1 | I9: =F9*H9 -> 70 | K9: 720 | M9: =K9*L9 -> 0 | N9: =K9+M9 -> 720 | P9: 44803 | R9: PO / NBF / 300822/ 01 | T9: We Care Animal Health
A10: 2 | B10: 44803 | D10: DLM | F10: 20 | G10: Kg | H10: 25 | I10: =F10*H10 -> 500 | M10: =K10*L10 -> 0 | N10: =K10+M10 -> 0 | R10: PO / NBF / | T10: Supplied from Hitech Kolkata
A11: 3 | B11: 44803 | D11: BREEDER VITAMIN PREMIX-HYD | F11: 20 | G11: Kg | H11: 25 | I11: =F11*H11 -> 500 | K11: 18100 | M11: =K11*L11 -> 0 | N11: =K11+M11 -> 18100 | P11: 44810 | R11: PO / NBF / 060922 / 01 | T11: Avitech Nutrition Pvt Ltd
A12: 4 | B12: 44809 | D12: ALKAKARB (Sodi Bicarb) | F12: 30 | G12: Kg | H12: 50 | I12: =F12*H12 -> 1500 | M12: =K12*L12 -> 0 | N12: =K12+M12 -> 0 | R12: PO / NBF / | T12: Supplied from Hitech Kolkata
A13: 5 | B13: 44809 | D13: KEMZYME - XPF | F13: 4 | G13: Kg | H13: 25 | I13: =F13*H13 -> 100 | K13: 6500 | M13: =K13*L13 -> 0 | N13: =K13+M13 -> 6500 | P13: 44810 | R13: PO / NBF / 060922 / 03 | T13: Stats Speciality Products
A14: 6 | B14: 44809 | D14: ENRA GUARD | F14: 8 | G14: Kg | H14: 25 | I14: =F14*H14 -> 200 | M14: =K14*L14 -> 0 | N14: =K14+M14 -> 0 | R14: PO / NBF / | T14: Supplied from Hitech Kolkata
A15: 7 | B15: 44809 | D15: KOLIN-PLUS instead of BIOCHOLINE | F15: 20 | G15: Kg | H15: 25 | I15: =F15*H15 -> 500 | K15: 1750 | M15: =K15*L15 -> 0 | N15: =K15+M15 -> 1750 | P15: 44810 | R15: PO / NBF / 060922 / 02 | T15: Das Drug Centre, Habra
A16: 8 | B16: 44817 | D16: TRACEMIN-BB | F16: =500/25 -> 20 | G16: Kg | H16: 25 | I16: =F16*H16 -> 500 | K16: 1750 | M16: =K16*L16 -> 0 | N16: =K16+M16 -> 1750 | P16: 44818 | R16: PO / NBF / 140922 / 01 | T16: B V Biocrop - Hitech Division
A17: 9 | B17: 44817 | D17: KEMZYME - XPF | F17: 8 | G17: Kg | H17: 25 | I17: =F17*H17 -> 200 | K17: 6500 | M17: =K17*L17 -> 0 | N17: =K17+M17 -> 6500 | P17: 44818 | R17: PO / NBF / | T17: Not done due to Repeat order
A18: 10 | B18: 44817 | D18: SELCON FORTE | F18: 20 | G18: Kg | H18: 10 | I18: =F18*H18 -> 200 | K18: 4000 | M18: =K18*L18 -> 0 | N18: =K18+M18 -> 4000 | P18: 44818 | R18: PO / NBF / 140922 / 02 | T18: Zeus Biotech Pvt Ltd
A19: 11 | B19: 44817 | D19: OVASTIM | F19: 300 | G19: Kg | H19: 1 | I19: =F19*H19 -> 300 | K19: 400 | M19: =K19*L19 -> 0 | N19: =K19+M19 -> 400 | P19: 44818 | R19: PO / NBF / 140922 / 03 | T19: Izda Health Care
A20: 12 | B20: 44824 | D20: VOLAMEL | F20: 12 | G20: Kg | H20: 25 | I20: =F20*H20 -> 300 | K20: 14250 | M20: =K20*L20 -> 0 | N20: =K20+M20 -> 14250 | P20: 44826 | R20: PO / NBF / 220922 / 01 | T20: APC Nutrients Limited
A21: 13 | B21: 44824 | D21: STODI | F21: 12 | G21: Kg | H21: 25 | I21: =F21*H21 -> 300 | K21: 1775 | M21: =K21*L21 -> 0 | N21: =K21+M21 -> 1775 | P21: 44826 | R21: PO / NBF / 220922 / 02 | T21: Das Drug Centre, Habra
A22: 14 | B22: 44825 | D22: HIPRAVIHAR CLON H-120 | F22: 40 | G22: Dose | H22: 2500 | I22: =F22*H22 -> 100000 | K22: 550 | L22: 0.05 | M22: =K22*L22 -> 27.5 | N22: =K22+M22 -> 577.5 | P22: 44826 | R22: PO / NBF / 220922 / 03 | T22: Tara Enterprises, Hyderabad
A23: 15 | B23: 44827 | D23: RECEPTOL (MSD) | F23: 40 | G23: ML | H23: 10 | I23: =F23*H23 -> 400 | K23: 700 | M23: =K23*L23 -> 0 | N23: =K23+M23 -> 700 | P23: 44827 | R23: PO / NBF / 230922 / 01 | T23: Stats Speciality Products
A24: 16 | B24: 44830 | D24: KAMRAKSHA PLUS | F24: 20 | G24: Ltr | H24: 5 | I24: =F24*H24 -> 100 | K24: 1398.3 | L24: 0.18 | M24: =K24*L24 -> 251.694 | N24: =K24+M24 -> 1649.994 | P24: 44830 | R24: PO / NBF / 260922 / 01 | T24: ABP Enterprises
A25: 17 | B25: 44830 | D25: DEFORCE INJECTION (Idza) | F25: 500 | G25: ML | H25: 1 | I25: =F25*H25 -> 500 | K25: 75 | L25: 0.12 | M25: =K25*L25 -> 9 | N25: =K25+M25 -> 84 | P25: 44830 | R25: PO / NBF / 260922 / 02 | T25: Izda Health Care
A26: 18 | B26: 44830 | D26: AMBIPLEX | F26: 20 | G26: Ltr | H26: 5 | I26: =F26*H26 -> 100 | K26: 515 | M26: =K26*L26 -> 0 | N26: =K26+M26 -> 515 | P26: 44830 | R26: PO / NBF / 260922 / 03 | T26: Das Drug Centre, Habra
A27: 19 | B27: 44830 | D27: URIMIN INJECTION | F27: 30 | G27: ML | H27: 100 | I27: =F27*H27 -> 3000 | K27: 319.24 | L27: 0.05 | M27: =K27*L27 -> 15.962 | N27: =K27+M27 -> 335.202 | P27: 44830 | R27: PO / NBF / 260922 / 03 | T27: Das Drug Centre, Habra
A28: 20 | B28: 44830 | D28: AQUAMAX | F28: 40 | G28: Ltr | H28: 5 | I28: =F28*H28 -> 200 | K28: 457 | L28: 0.18 | M28: =K28*L28 -> 82.26 | N28: =K28+M28 -> 539.26 | P28: 44830 | R28: PO / NBF / 260922 / 04 | T28: B V Biocrop - Hitech Division
A29: 21 | B29: 44830 | D29: B- 904 | F29: 12 | G29: Ltr | H29: 5 | I29: =F29*H29 -> 60 | K29: 3273 | L29: 0.18 | M29: =K29*L29 -> 589.14 | N29: =K29+M29 -> 3862.14 | P29: 44830 | R29: PO / NBF / 260922 / 04 | T29: B V Biocrop - Hitech Division
A30: 22 | B30: 44830 | D30: BIO BUSTER PLUS | F30: 12 | G30: Gms | H30: 500 | I30: =F30*H30 -> 6000 | K30: 405 | L30: 0.18 | M30: =K30*L30 -> 72.9 | N30: =K30+M30 -> 477.9 | P30: 44830 | R30: PO / NBF / 260922 / 04 | T30: B V Biocrop - Hitech Division
A31: 23 | B31: 44849 | D31: BIOPLEX POULTRY PAK | F31: 20 | G31: Kg | H31: 25 | I31: =F31*H31 -> 500 | K31: 5500 | M31: =K31*L31 -> 0 | N31: =K31+M31 -> 5500 | P31: 44851 | R31: PO / NBF / 171022 / 01 | T31: Alltech Biotechnology Pvt Ltd
A32: 24 | B32: 44849 | D32: CLOSTAT - 12 / 365 | F32: 4 | G32: Kg | H32: 25 | I32: =F32*H32 -> 100 | K32: 14000 | M32: =K32*L32 -> 0 | N32: =K32+M32 -> 14000 | P32: 44851 | R32: PO / NBF / 171022 / 02 | T32: Stats Speciality Products
A33: 25 | B33: 44849 | D33: KEMZYME - XPF | F33: 4 | G33: Kg | H33: 25 | I33: =F33*H33 -> 100 | K33: 6500 | M33: =K33*L33 -> 0 | N33: =K33+M33 -> 6500 | P33: 44851 | R33: PO / NBF / 171022 / 02 | T33: Stats Speciality Products
A34: 26 | B34: 44849 | D34: TOXFIN - 365 | F34: 20 | G34: Kg | H34: 25 | I34: =F34*H34 -> 500 | K34: 3500 | M34: =K34*L34 -> 0 | N34: =K34+M34 -> 3500 | P34: 44851 | R34: PO / NBF / 171022 / 02 | T34: Order has been cancelled
A35: 27 | B35: 44849 | D35: MONO CALCIUM PHOSPHATE | G35: Kg | I35: =F35*H35 -> 0 | M35: =K35*L35 -> 0 | N35: =K35+M35 -> 0 | R35: PO / NBF / | T35: Supplied IMPORTED Materials
A36: 28 | B36: P K Das | D36: TOXO - XL | F36: 20 | G36: Kg | H36: 25 | I36: =F36*H36 -> 500 | K36: 5750 | M36: =K36*L36 -> 0 | N36: =K36+M36 -> 5750 | P36: 44856 | R36: PO / NBF / 221022 / 01 | T36: Trouw Nutrition India Pvt Ltd
A37: 29 | B37: 44859 | D37: FORLUTIN - 10% | F37: 20 | G37: Kg | H37: 10 | I37: =F37*H37 -> 200 | K37: 7050 | M37: =K37*L37 -> 0 | N37: =K37+M37 -> 7050 | P37: 44860 | R37: PO / NBF / 261022 / 01 | T37: Stallen South Asia Pvt Ltd
A38: 30 | B38: 44862 | D38: TILMOVET | F38: 18 | G38: ML | H38: 960 | I38: =F38*H38 -> 17280 | K38: 9300 | L38: 0.12 | M38: =K38*L38 -> 1116 | N38: =K38+M38 -> 10416 | P38: 44867 | R38: PO / NBF / 021122 / 01 | T38: Huvephatrma Sea Pune
A39: 31 | B39: 44862 | D39: SANEXT POWDER | F39: 10 | G39: Kg | H39: 1 | I39: =F39*H39 -> 10 | K39: 2600 | L39: 0.18 | M39: =K39*L39 -> 468 | N39: =K39+M39 -> 3068 | P39: 44867 | R39: PO / NBF / 021122 / 02 | T39: Healers Associates
A40: 32 | B40: 44862 | D40: BV CLO-2 (10 Gms) | F40: 20 | G40: Pcs | H40: 50 | I40: =F40*H40 -> 1000 | K40: 1100 | L40: 0.18 | M40: =K40*L40 -> 198 | N40: =K40+M40 -> 1298 | P40: 44867 | R40: PO / NBF / 021122 / 03 | T40: B V Biocrop - Hitech Division
A41: 33 | B41: 44862 | D41: AMO PREMIX | F41: 36 | G41: Gms | H41: 500 | I41: =F41*H41 -> 18000 | K41: 539 | M41: =K41*L41 -> 0 | N41: =K41+M41 -> 539 | P41: 44867 | R41: PO / NBF / 021122 / 04 | T41: Venkys India - AHP Division
A42: 34 | B42: 44862 | D42: ELIMIN - 8 | F42: 12 | G42: Ltr | H42: 5 | I42: =F42*H42 -> 60 | K42: 1238 | M42: =K42*L42 -> 0 | N42: =K42+M42 -> 1238 | P42: 44867 | R42: PO / NBF / 021122 / 04 | T42: Venkys India - AHP Division
A43: 35 | B43: 44867 | D43: BRONCHIN KILLED VACCINE | F43: 13 | G43: Dose | H43: 1000 | I43: =F43*H43 -> 13000 | K43: 2772 | L43: 0.05 | M43: =K43*L43 -> 138.6 | N43: =K43+M43 -> 2910.6 | P43: 44868 | R43: PO / NBF / 031122 / 01 | T43: Crescent Marketing, Hyderabad
A44: 36 | B44: 44862 | D44: KAYSOL FORTE | F44: 80 | G44: Gms | H44: 50 | I44: =F44*H44 -> 4000 | K44: 65 | M44: =K44*L44 -> 0 | N44: =K44+M44 -> 65 | P44: 44868 | R44: PO / NBF / 031122 / 02 | T44: Das Drug Centre, Habra
A45: 37 | B45: 44862 | D45: VVAANDOX | F45: 80 | G45: Gms | H45: 250 | I45: =F45*H45 -> 20000 | K45: 400 | L45: 0.12 | M45: =K45*L45 -> 48 | N45: =K45+M45 -> 448 | P45: 44868 | R45: PO / NBF / 031122 / 02 | T45: Das Drug Centre, Habra
A46: 38 | B46: 44867 | D46: IB MA-5 LIVE Vaccine | F46: 27 | G46: Dose | H46: 1000 | I46: =F46*H46 -> 27000 | K46: 250 | L46: 0.05 | M46: =K46*L46 -> 12.5 | N46: =K46+M46 -> 262.5 | P46: 44868 | R46: PO / NBF / 031122 / 03 | T46: Hester Biosciences Limited
A47: 39 | B47: 44867 | D47: ILT LIVE (GI-10000) | F47: 54 | G47: Dose | H47: 1000 | I47: =F47*H47 -> 54000 | K47: 1500 | L47: 0.05 | M47: =K47*L47 -> 75 | N47: =K47+M47 -> 1575 | P47: 44868 | R47: PO / NBF / 031122 / 03 | T47: Hester Biosciences Limited
A48: 40 | B48: 44867 | D48: INACTIVATED EDS | F48: 27 | G48: Dose | H48: 1000 | I48: =F48*H48 -> 27000 | K48: 1150 | L48: 0.05 | M48: =K48*L48 -> 57.5 | N48: =K48+M48 -> 1207.5 | P48: 44868 | R48: PO / NBF / 031122 / 03 | T48: Hester Biosciences Limited
A49: 41 | B49: 44867 | D49: INACTIVATED PULLET ND (LPAI) | F49: 78 | G49: Dose | H49: 1000 | I49: =F49*H49 -> 78000 | K49: 899 | L49: 0.05 | M49: =K49*L49 -> 44.95 | N49: =K49+M49 -> 943.95 | P49: 44868 | R49: PO / NBF / 031122 / 03 | T49: Hester Biosciences Limited
A50: 42 | B50: 44867 | D50: INACTIVATED PULLET ND (LPAI) | F50: 40 | G50: Dose | H50: 1000 | I50: =F50*H50 -> 40000 | K50: 2425 | L50: 0.05 | M50: =K50*L50 -> 121.25 | N50: =K50+M50 -> 2546.25 | P50: 44868 | R50: PO / NBF / 031122 / 03 | T50: Hester Biosciences Limited
A51: 43 | B51: 44867 | D51: HIPRAVIHAR Clone-79 | F51: 12 | G51: Dose | H51: 2500 | I51: =F51*H51 -> 30000 | K51: 296 | L51: 0.05 | M51: =K51*L51 -> 14.8 | N51: =K51+M51 -> 310.8 | P51: 44868 | R51: PO / NBF / 031122 / 04 | T51: Tara Enterprises, Hyderabad
A52: 44 | B52: 44867 | D52: HIPRAVIHAR Clon H-120 | F52: 80 | G52: Dose | H52: 2500 | I52: =F52*H52 -> 200000 | K52: 550 | L52: 0.05 | M52: =K52*L52 -> 27.5 | N52: =K52+M52 -> 577.5 | P52: 44868 | R52: PO / NBF / 031122 / 04 | T52: Tara Enterprises, Hyderabad
A53: 45 | B53: 44867 | D53: MD HVT+SB-1 Live Vaccine | F53: 54 | G53: Dose | H53: 1000 | I53: =F53*H53 -> 54000 | K53: 1868 | L53: 0.05 | M53: =K53*L53 -> 93.4 | N53: =K53+M53 -> 1961.4 | P53: 44868 | R53: PO / NBF / 031122 / 05 | T53: Venkateshwara Hatcheries
A54: 46 | B54: 44867 | D54: ND Lasota Live Vaccine | F54: 27 | G54: Dose | H54: 1000 | I54: =F54*H54 -> 27000 | K54: 54 | L54: 0.05 | M54: =K54*L54 -> 2.7 | N54: =K54+M54 -> 56.7 | P54: 44868 | R54: PO / NBF / 031122 / 05 | T54: Venkateshwara Hatcheries
A55: 47 | B55: 44867 | D55: IBD Intermediata Std Live Vac. | F55: 27 | G55: Dose | H55: 1000 | I55: =F55*H55 -> 27000 | K55: 172 | L55: 0.05 | M55: =K55*L55 -> 8.6 | N55: =K55+M55 -> 180.6 | P55: 44868 | R55: PO / NBF / 031122 / 05 | T55: Venkateshwara Hatcheries
A56: 48 | B56: 44867 | D56: IB H-120 Live Vaccine | F56: 27 | G56: Dose | H56: 1000 | I56: =F56*H56 -> 27000 | K56: 91 | L56: 0.05 | M56: =K56*L56 -> 4.55 | N56: =K56+M56 -> 95.55 | P56: 44868 | R56: PO / NBF / 031122 / 05 | T56: Venkateshwara Hatcheries
... A70: 62 | B70: 44867 | D70: VH V- 4K (4 Way) KILLED VAC | F70: 50 | G70: Dose | H70: 1000 | I70: =F70*H70 -> 50000 | K70: 5100 | L70: 0.05 | M70: =K70*L70 -> 255 | N70: =K70+M70 -> 5355 | P70: 44868 | R70: PO / NBF / 031122 / 06 | T70: Venkateshwara Hatcheries
A71: 63 | B71: 44874 | D71: CITRINAL | F71: 25 | G71: Kg | H71: 20 | I71: =F71*H71 -> 500 | K71: 3000 | M71: =K71*L71 -> 0 | N71: =K71+M71 -> 3000 | P71: 44874 | R71: PO / NBF / 091122 / 01 | T71: Alivira Animal Heaith Ltd
A72: 64 | B72: 44874 | D72: BREEDER VITAMIN PREMIX-HYD | F72: 20 | G72: Kg | H72: 25 | I72: =F72*H72 -> 500 | K72: 18100 | M72: =K72*L72 -> 0 | N72: =K72+M72 -> 18100 | P72: 44874 | R72: PO / NBF / 091122 / 02 | T72: Avitech Nutrition Pvt Ltd
A73: 65 | B73: 44874 | D73: OVASTIM | F73: 300 | G73: Kg | H73: 1 | I73: =F73*H73 -> 300 | K73: 400 | M73: =K73*L73 -> 0 | N73: =K73+M73 -> 400 | P73: 44874 | R73: PO / NBF / 091122 / 03 | T73: Izda Health Care
A74: 66 | B74: 44874 | D74: HEPATOCARE PREMIX | F74: 20 | G74: Kg | H74: 25 | I74: =F74*H74 -> 500 | K74: 1250 | M74: =K74*L74 -> 0 | N74: =K74+M74 -> 1250 | P74: 44874 | R74: PO / NBF / 091122 / 04 | T74: Varsha Multitech, Bangalore
A75: 67 | B75: 44874 | D75: TRACEMIN-BB | F75: 17 | G75: Kg | H75: 30 | I75: =F75*H75 -> 510 | K75: 1750 | M75: =K75*L75 -> 0 | N75: =K75+M75 -> 1750 | P75: 44874 | R75: PO / NBF / 091122 / 05 | T75: Venkys India - AHP Division
A76: 68 | B76: Instead of Hester | D76: Nobilis IB (MA-5) Live Vaccine | F76: 11 | G76: Dose | H76: 2500 | I76: =F76*H76 -> 27500 | K76: 800 | L76: 0.05 | M76: =K76*L76 -> 40 | N76: =K76+M76 -> 840 | P76: 44879 | R76: PO / NBF / 141122 / 01 | T76: Venkateshwara Marketing
A77: 69 | B77: 44886 | D77: SALCOCHEK | F77: 8 | G77: Kg | H77: 25 | I77: =F77*H77 -> 200 | K77: 3200 | L77: 0.12 | M77: =K77*L77 -> 384 | N77: =K77+M77 -> 3584 | P77: 44886 | R77: PO / NBF / 211122 / 01 | T77: Sai Kiran Medical Agencies
A78: 70 | B78: 44897 | D78: BV CLO-2 (10 Gms) | F78: 20 | G78: Pcs | H78: 50 | I78: =F78*H78 -> 1000 | K78: 1100 | L78: 0.18 | M78: =K78*L78 -> 198 | N78: =K78+M78 -> 1298 | P78: 44898 | R78: PO / NBF / 031222 / 01 | T78: B V Biocrop - Hitech Division
A79: 71 | B79: 44897 | D79: SAFEGARD | F79: 12 | G79: Ltr | H79: 5 | I79: =F79*H79 -> 60 | K79: 1017 | L79: 0.18 | M79: =K79*L79 -> 183.06 | N79: =K79+M79 -> 1200.06 | P79: 44898 | R79: PO / NBF / 031222 / 01 | T79: B V Biocrop - Hitech Division
A80: 72 | B80: 44897 | D80: EKTOMIN | F80: 100 | G80: Ltr | H80: 1 | I80: =F80*H80 -> 100 | K80: 600 | L80: 0.12 | M80: =K80*L80 -> 72 | N80: =K80+M80 -> 672 | P80: 44898 | R80: PO / NBF / 031222 / 02 | T80: Das Drug Centre, Habra
A81: 73 | B81: 44897 | D81: HIVIT INJECTION | F81: 50 | G81: ML | H81: 100 | I81: =F81*H81 -> 5000 | K81: 102 | L81: 0.12 | M81: =K81*L81 -> 12.24 | N81: =K81+M81 -> 114.24 | P81: 44898 | R81: PO / NBF / 031222 / 02 | T81: Das Drug Centre, Habra
A82: 74 | B82: 44897 | D82: OXY-LA INJECTION | F82: 100 | G82: ML | H82: 50 | I82: =F82*H82 -> 5000 | K82: 116 | L82: 0.12 | M82: =K82*L82 -> 13.92 | N82: =K82+M82 -> 129.92 | P82: 44898 | R82: PO / NBF / 031222 / 02 | T82: Das Drug Centre, Habra
A83: 75 | B83: 44897 | D83: TYLO-RD INJECTION | F83: 50 | G83: ML | H83: 100 | I83: =F83*H83 -> 5000 | K83: 252 | L83: 0.12 | M83: =K83*L83 -> 30.24 | N83: =K83+M83 -> 282.24 | P83: 44898 | R83: PO / NBF / 031222 / 02 | T83: Das Drug Centre, Habra
A84: 76 | B84: 44897 | D84: URIMIN INJECTION | F84: 30 | G84: ML | H84: 100 | I84: =F84*H84 -> 3000 | K84: 319.24 | L84: 0.05 | M84: =K84*L84 -> 15.962 | N84: =K84+M84 -> 335.202 | P84: 44898 | R84: PO / NBF / 031222 / 02 | T84: Das Drug Centre, Habra
A85: 77 | B85: 44897 | D85: DEFORCE INJECTION (Idza) | F85: 400 | G85: ML | H85: 1 | I85: =F85*H85 -> 400 | K85: 75 | L85: 0.12 | M85: =K85*L85 -> 9 | N85: =K85+M85 -> 84 | P85: 44898 | R85: PO / NBF / 031222 / 03 | T85: Izda Health Care
A86: 78 | B86: 44897 | D86: VENTRIMISOLE | F86: 48 | G86: Gms | H86: 500 | I86: =F86*H86 -> 24000 | K86: 1001 | L86: 0.12 | M86: =K86*L86 -> 120.12 | N86: =K86+M86 -> 1121.12 | P86: 44898 | R86: PO / NBF / 031222 / 04 | T86: Venkys India - AHP Division
A87: 79 | B87: 44897 | D87: DANTOP | F87: 30 | G87: Gms | H87: 100 | I87: =F87*H87 -> 3000 | K87: 1340 | L87: 0.18 | M87: =K87*L87 -> 241.2 | N87: =K87+M87 -> 1581.2 | P87: 44901 | R87: PO / NBF / 061222 / 05 | T87: Parameshwari Devi
A88: 80 | B88: 44897 | D88: GOODBYE | F88: 12 | G88: Ltr | H88: 5 | I88: =F88*H88 -> 60 | K88: 1271.19 | L88: 0.18 | M88: =K88*L88 -> 228.8142 | N88: =K88+M88 -> 1500.0042 | P88: 44901 | R88: PO / NBF / 061222 / 06 | T88: Hackberryind, Kerala
A89: 81 | B89: 44904 | D89: ALPHA D-3 PREVIT | F89: 4 | G89: Kg | H89: 25 | I89: =F89*H89 -> 100 | K89: 19750 | M89: =K89*L89 -> 0 | N89: =K89+M89 -> 19750 | P89: 44904 | R89: PO / NBF / 091222 / 07 | T89: ABP Enterprises
A90: 82 | B90: 44904 | D90: SPERMED | F90: 30 | G90: Kg | H90: 1 | I90: =F90*H90 -> 30 | K90: 3500 | M90: =K90*L90 -> 0 | N90: =K90+M90 -> 3500 | P90: 44904 | R90: PO / NBF / 091222 / 08 | T90: Healers Associates
A91: 83 | B91: 44904 | D91: TOXO - XL | F91: 20 | G91: Kg | H91: 25 | I91: =F91*H91 -> 500 | K91: 5750 | M91: =K91*L91 -> 0 | N91: =K91+M91 -> 5750 | P91: 44904 | R91: PO / NBF / 091222 / 09 | T91: Trouw Nutrition India Pvt Ltd
A92: 84 | B92: 44904 | D92: MICROVIT-E 50 Promix (Adisseo) | F92: 8 | G92: Kg | H92: 25 | I92: =F92*H92 -> 200 | K92: 24000 | M92: =K92*L92 -> 0 | N92: =K92+M92 -> 24000 | P92: 44907 | R92: PO / NBF / 121222 / 10 | T92: Arevin Lifesciences Pvt Ltd
A93: 85 | B93: VERBAL | D93: FULL FAT SOYA BEAN | G93: Kg | I93: =F93*H93 -> 0 | M93: =K93*L93 -> 0 | N93: =K93+M93 -> 0 | P93: 44911 | R93: PO / NBF / 161222 / 11 | T93: PO Done by Pijush Dey
A94: 86 | B94: 44915 | D94: KEMZYME - XPF | F94: 8 | G94: Kg | H94: 25 | I94: =F94*H94 -> 200 | K94: 6500 | M94: =K94*L94 -> 0 | N94: =K94+M94 -> 6500 | P94: 44917 | R94: PO / NBF / 221222 / 12 | T94: Stats Speciality Products
A95: 87 | B95: 44915 | D95: VES - CHOL 60% (Vesper) | F95: 50 | G95: Kg | H95: 20 | I95: =F95*H95 -> 1000 | K95: 1800 | M95: =K95*L95 -> 0 | N95: =K95+M95 -> 1800 | P95: 44917 | R95: PO / NBF / 221222 / 13 | T95: Ves Spa, Barasat
A96: 88 | B96: 44915 | D96: STODI | F96: 12 | G96: Kg | H96: 25 | I96: =F96*H96 -> 300 | K96: 1775 | M96: =K96*L96 -> 0 | N96: =K96+M96 -> 1775 | P96: 44917 | R96: PO / NBF / 221222 / 14 | T96: Das Drug Centre, Habra
A97: 89 | B97: 44915 | D97: VOLAMEL | F97: 20 | G97: Kg | H97: 25 | I97: =F97*H97 -> 500 | K97: 14250 | M97: =K97*L97 -> 0 | N97: =K97+M97 -> 14250 | P97: 44917 | R97: PO / NBF / 221222 / 15 | T97: APC Nutrients Limited
A98: 90 | B98: 44918 | D98: BREEDER VITAMIN PREMIX-HYD | F98: 20 | G98: Kg | H98: 25 | I98: =F98*H98 -> 500 | K98: 18100 | M98: =K98*L98 -> 0 | N98: =K98+M98 -> 18100 | P98: 44919 | R98: PO / NBF / 241222 / 16 | T98: Avitech Nutrition Pvt Ltd
A99: 91 | B99: 44918 | D99: CLOSTAT - 12 / 365 | F99: 8 | G99: Kg | H99: 25 | I99: =F99*H99 -> 200 | K99: 14000 | M99: =K99*L99 -> 0 | N99: =K99+M99 -> 14000 | P99: 44919 | R99: PO / NBF / 241222 / 17 | T99: Stats Speciality Products
A100: 92 | B100: 44923 | D100: BIOPLEX POULTRY PAK | F100: 20 | G100: Kg | H100: 25 | I100: =F100*H100 -> 500 | K100: 5500 | M100: =K100*L100 -> 0 | N100: =K100+M100 -> 5500 | P100: 44924 | R100: PO / NBF / 291222 / 18 | T100: Alltech Biotechnology Pvt Ltd
A101: 93 | B101: 44923 | D101: HEPATOCARE PREMIX | F101: 20 | G101: Kg | H101: 25 | I101: =F101*H101 -> 500 | K101: 1250 | M101: =K101*L101 -> 0 | N101: =K101+M101 -> 1250 | P101: 44924 | R101: PO / NBF / 291222 / 19 | T101: Varsha Multitech, Bangalore
A102: 94 | B102: 44924 | D102: FORLUTIN - 10% | F102: 25 | G102: Kg | H102: 10 | I102: =F102*H102 -> 250 | K102: 7050 | M102: =K102*L102 -> 0 | N102: =K102+M102 -> 7050 | P102: 44929 | R102: PO / NBF / 030123 / 01 | T102: Stallen South Asia Pvt Ltd
A103: 95 | B103: 44935 | D103: B- 904 | F103: 12 | G103: Ltr | H103: 5 | I103: =F103*H103 -> 60 | K103: 3293 | L103: 0.18 | M103: =K103*L103 -> 592.74 | N103: =K103+M103 -> 3885.74 | P103: 44935 | R103: PO / NBF / 090123 / 02 | T103: B V Biocrop - Hitech Division
A104: 96 | B104: 44935 | D104: BIO BUSTER PLUS | F104: 12 | G104: Gms | H104: 500 | I104: =F104*H104 -> 6000 | K104: 405 | L104: 0.18 | M104: =K104*L104 -> 72.9 | N104: =K104+M104 -> 477.9 | P104: 44935 | R104: PO / NBF / 090123 / 02 | T104: B V Biocrop - Hitech Division
A105: 97 | B105: 44935 | D105: TRACEMIN-BB | F105: 17 | G105: Kg | H105: 30 | I105: =F105*H105 -> 510 | K105: 1750 | M105: =K105*L105 -> 0 | N105: =K105+M105 -> 1750 | P105: 44935 | R105: PO / NBF / 090123 / 02 | T105: B V Biocrop - Hitech Division
A106: 98 | B106: 44935 | D106: INACTIVATED PULLET ND (LPAI) | F106: 25 | G106: Dose | H106: 1000 | I106: =F106*H106 -> 25000 | K106: 899 | L106: 0.05 | M106: =K106*L106 -> 44.95 | N106: =K106+M106 -> 943.95 | P106: 44935 | R106: PO / NBF / 090123 / 03 | T106: Hester Biosciences Limited
A107: 99 | B107: 44935 | D107: INACTIVATED ND (HPAI) | F107: 25 | G107: Dose | H107: 1000 | I107: =F107*H107 -> 25000 | K107: 2425 | L107: 0.05 | M107: =K107*L107 -> 121.25 | N107: =K107+M107 -> 2546.25 | P107: 44935 | R107: PO / NBF / 090123 / 03 | T107: Hester Biosciences Limited
A108: 100 | B108: 44935 | D108: OXY-LA INJECTION | F108: 100 | G108: ML | H108: 50 | I108: =F108*H108 -> 5000 | K108: 116 | L108: 0.05 | M108: =K108*L108 -> 5.8 | N108: =K108+M108 -> 121.8 | P108: 44935 | R108: PO / NBF / 090123 / 04 | T108: Tara Enterprises, Hyderabad
A109: 101 | B109: 44935 | D109: HIPRAVIHAR Clon H-120 | F109: 60 | G109: Dose | H109: 2500 | I109: =F109*H109 -> 150000 | K109: 550 | L109: 0.05 | M109: =K109*L109 -> 27.5 | N109: =K109+M109 -> 577.5 | P109: 44935 | R109: PO / NBF / 090123 / 04 | T109: Tara Enterprises, Hyderabad
A110: 102 | B110: 44935 | D110: IBD KILLED VAC | F110: 25 | G110: Dose | H110: 1000 | I110: =F110*H110 -> 25000 | K110: 1732.5 | L110: 0.05 | M110: =K110*L110 -> 86.625 | N110: =K110+M110 -> 1819.125 | P110: 44935 | R110: PO / NBF / 090123 / 05 | T110: Venkateshwara Hatcheries
A111: 103 | B111: 44935 | D111: IBH KILLED VAC | F111: 25 | G111: Dose | H111: 1000 | I111: =F111*H111 -> 25000 | K111: 1050 | L111: 0.05 | M111: =K111*L111 -> 52.5 | N111: =K111+M111 -> 1102.5 | P111: 44935 | R111: PO / NBF / 090123 / 05 | T111: Venkateshwara Hatcheries
A112: 104 | B112: 44935 | D112: IB ASTRO (AEIBH) KILLED VAC | F112: 25 | G112: Dose | H112: 1000 | I112: =F112*H112 -> 25000 | K112: 3100 | L112: 0.05 | M112: =K112*L112 -> 155 | N112: =K112+M112 -> 3255 | P112: 44935 | R112: PO / NBF / 090123 / 05 | T112: Venkateshwara Hatcheries
A113: 105 | B113: 44935 | D113: VH V- 4K (4 Way) KILLED VAC | F113: 25 | G113: Dose | H113: 1000 | I113: =F113*H113 -> 25000 | K113: 5100 | L113: 0.05 | M113: =K113*L113 -> 255 | N113: =K113+M113 -> 5355 | P113: 44935 | R113: PO / NBF / 090123 / 05 | T113: Venkateshwara Hatcheries
A114: 106 | B114: 44935 | D114: FLYVIN | F114: 100 | G114: Kg | H114: 1 | I114: =F114*H114 -> 100 | K114: 720 | M114: =K114*L114 -> 0 | N114: =K114+M114 -> 720 | P114: 44935 | R114: PO / NBF / 090123 / 06 | T114: We Care Animal Health
A115: 107 | B115: 44935 | D115: SELCON FORTE | F115: 10 | G115: Kg | H115: 10 | I115: =F115*H115 -> 100 | K115: 4000 | M115: =K115*L115 -> 0 | N115: =K115+M115 -> 4000 | P115: 44935 | R115: PO / NBF / 090123 / 07 | T115: Zeus Biotech Pvt Ltd
A116: 108 | B116: 44915 | D116: DLM | F116: 20 | G116: Kg | H116: 25 | I116: =F116*H116 -> 500 | K116: 5254.25 | L116: 0.18 | M116: =K116*L116 -> 945.765 | N116: =K116+M116 -> 6200.015 | P116: 44938 | R116: PO / NBF / 120123 / 08 | T116: Sneha Farms Pvt Ltd, Hyd
A117: 109 | B117: 44939 | D117: TILMOVET | F117: 24 | G117: ML | H117: 960 | I117: =F117*H117 -> 23040 | K117: 9300 | L117: 0.12 | M117: =K117*L117 -> 1116 | N117: =K117+M117 -> 10416 | P117: 44940 | R117: PO / NBF / 140123 / 09 | T117: Huvephatrma Sea Pune
A118: 110 | B118: 44944 | D118: KOLIN-PLUS | F118: 20 | G118: Kg | H118: 25 | I118: =F118*H118 -> 500 | K118: 1750 | M118: =K118*L118 -> 0 | N118: =K118+M118 -> 1750 | P118: 44944 | R118: PO / NBF / 180123 / 10 | T118: Das Drug Centre, Habra
...

Sheet Account Details Aug22-Mar23
B3: NBF | E3: ORDER DETAILS AS PER INDENT OF NARAENDRA BREEDING FARMS | S3: Update as on 30.03.2023
B5: INDENT | D5: HITECH BREEDING FARMS | F5: D E T A I L S A B O U T I T E M | K5: D E T A I L S A B O U T O R D E R | P5: D E T A I L S A B O U T P A Y M E N T
B7: PURCHASE ORDER DATE | D7: NAME OF SUPPLIER | F7: ITEM DESCRIPTION | H7: UOM | I7: OREDR QTY | K7: PO DATE & PO NO | N7: Payable Amount | P7: GRN DATE | Q7: GRN NO | R7: CR LIMIT | S7: PAYMENT SCHEDULE | T7: DATE OF PAYMENT | U7: PAYMENT AMOUNT
P8: mm/dd/yy | T8: mm/dd/yy
A9: 1 | B9: =+'Order Details Aug22-Mar23'!P9 -> 44803 | D9: =+'Order Details Aug22-Mar23'!T9 -> We Care Animal Health | F9: =+'Order Details Aug22-Mar23'!D9 -> FLYVIN | H9: =+'Order Details Aug22-Mar23'!G9 -> Kg | I9: =+'Order Details Aug22-Mar23'!I9 -> 70 | K9: =+'Order Details Aug22-Mar23'!R9 -> PO / NBF / 300822/ 01 | N9: =+'Order Details Aug22-Mar23'!F9*'Order Details Aug22-Mar23'!N9 -> 50400 | R9: 7 | S9: =P9+R9 -> 7 | U9: 50400
A10: 2 | D10: =+'Order Details Aug22-Mar23'!T10 -> Supplied from Hitech Kolkata | F10: =+'Order Details Aug22-Mar23'!D10 -> DLM | H10: =+'Order Details Aug22-Mar23'!G10 -> Kg | I10: =+'Order Details Aug22-Mar23'!I10 -> 500 | N10: =+'Order Details Aug22-Mar23'!F10*'Order Details Aug22-Mar23'!N10 -> 0 | R10: N A | S10: =P10+R10 -> #VALUE!
A11: 3 | B11: =+'Order Details Aug22-Mar23'!P11 -> 44810 | D11: =+'Order Details Aug22-Mar23'!T11 -> Avitech Nutrition Pvt Ltd | F11: =+'Order Details Aug22-Mar23'!D11 -> BREEDER VITAMIN PREMIX-HYD | H11: =+'Order Details Aug22-Mar23'!G11 -> Kg | I11: =+'Order Details Aug22-Mar23'!I11 -> 500 | K11: =+'Order Details Aug22-Mar23'!R11 -> PO / NBF / 060922 / 01 | N11: =+'Order Details Aug22-Mar23'!F11*'Order Details Aug22-Mar23'!N11 -> 362000 | R11: 3 | S11: =P11+R11 -> 3
A12: 4 | D12: =+'Order Details Aug22-Mar23'!T12 -> Supplied from Hitech Kolkata | F12: =+'Order Details Aug22-Mar23'!D12 -> ALKAKARB (Sodi Bicarb) | H12: =+'Order Details Aug22-Mar23'!G12 -> Kg | I12: =+'Order Details Aug22-Mar23'!I12 -> 1500 | N12: =+'Order Details Aug22-Mar23'!F12*'Order Details Aug22-Mar23'!N12 -> 0 | R12: N A | S12: =P12+R12 -> #VALUE!
A13: 5 | B13: =+'Order Details Aug22-Mar23'!P13 -> 44810 | D13: =+'Order Details Aug22-Mar23'!T13 -> Stats Speciality Products | F13: =+'Order Details Aug22-Mar23'!D13 -> KEMZYME - XPF | H13: =+'Order Details Aug22-Mar23'!G13 -> Kg | I13: =+'Order Details Aug22-Mar23'!I13 -> 100 | K13: =+'Order Details Aug22-Mar23'!R13 -> PO / NBF / 060922 / 03 | N13: =+'Order Details Aug22-Mar23'!F13*'Order Details Aug22-Mar23'!N13 -> 26000 | R13: 45 | S13: =P13+R13 -> 45
A14: 6 | D14: =+'Order Details Aug22-Mar23'!T14 -> Supplied from Hitech Kolkata | F14: =+'Order Details Aug22-Mar23'!D14 -> ENRA GUARD | H14: =+'Order Details Aug22-Mar23'!G14 -> Kg | I14: =+'Order Details Aug22-Mar23'!I14 -> 200 | N14: =+'Order Details Aug22-Mar23'!F14*'Order Details Aug22-Mar23'!N14 -> 0 | R14: N A | S14: =P14+R14 -> #VALUE!
A15: 7 | B15: =+'Order Details Aug22-Mar23'!P15 -> 44810 | D15: =+'Order Details Aug22-Mar23'!T15 -> Das Drug Centre, Habra | F15: =+'Order Details Aug22-Mar23'!D15 -> KOLIN-PLUS instead of BIOCHOLINE | H15: =+'Order Details Aug22-Mar23'!G15 -> Kg | I15: =+'Order Details Aug22-Mar23'!I15 -> 500 | K15: =+'Order Details Aug22-Mar23'!R15 -> PO / NBF / 060922 / 02 | N15: =+'Order Details Aug22-Mar23'!F15*'Order Details Aug22-Mar23'!N15 -> 35000 | R15: 45 | S15: =P15+R15 -> 45
A16: 8 | B16: =+'Order Details Aug22-Mar23'!P16 -> 44818 | D16: =+'Order Details Aug22-Mar23'!T16 -> B V Biocrop - Hitech Division | F16: =+'Order Details Aug22-Mar23'!D16 -> TRACEMIN-BB | H16: =+'Order Details Aug22-Mar23'!G16 -> Kg | I16: =+'Order Details Aug22-Mar23'!I16 -> 500 | K16: =+'Order Details Aug22-Mar23'!R16 -> PO / NBF / 140922 / 01 | N16: =+'Order Details Aug22-Mar23'!F16*'Order Details Aug22-Mar23'!N16 -> 35000 | R16: 7 | S16: =P16+R16 -> 7
A17: 9 | B17: =+'Order Details Aug22-Mar23'!P17 -> 44818 | D17: =+'Order Details Aug22-Mar23'!T17 -> Not done due to Repeat order | F17: =+'Order Details Aug22-Mar23'!D17 -> KEMZYME - XPF | H17: =+'Order Details Aug22-Mar23'!G17 -> Kg | I17: =+'Order Details Aug22-Mar23'!I17 -> 200 | N17: =+'Order Details Aug22-Mar23'!F17*'Order Details Aug22-Mar23'!N17 -> 52000 | R17: N A | S17: =P17+R17 -> #VALUE!
A18: 10 | B18: =+'Order Details Aug22-Mar23'!P18 -> 44818 | D18: =+'Order Details Aug22-Mar23'!T18 -> Zeus Biotech Pvt Ltd | F18: =+'Order Details Aug22-Mar23'!D18 -> SELCON FORTE | H18: =+'Order Details Aug22-Mar23'!G18 -> Kg | I18: =+'Order Details Aug22-Mar23'!I18 -> 200 | K18: =+'Order Details Aug22-Mar23'!R18 -> PO / NBF / 140922 / 02 | N18: =+'Order Details Aug22-Mar23'!F18*'Order Details Aug22-Mar23'!N18 -> 80000 | R18: 45 | S18: =P18+R18 -> 45
A19: 11 | B19: =+'Order Details Aug22-Mar23'!P19 -> 44818 | D19: =+'Order Details Aug22-Mar23'!T19 -> Izda Health Care | F19: =+'Order Details Aug22-Mar23'!D19 -> OVASTIM | H19: =+'Order Details Aug22-Mar23'!G19 -> Kg | I19: =+'Order Details Aug22-Mar23'!I19 -> 300 | K19: =+'Order Details Aug22-Mar23'!R19 -> PO / NBF / 140922 / 03 | N19: =+'Order Details Aug22-Mar23'!F19*'Order Details Aug22-Mar23'!N19 -> 120000 | R19: 45 | S19: =P19+R19 -> 45
A20: 12 | B20: =+'Order Details Aug22-Mar23'!P20 -> 44826 | D20: =+'Order Details Aug22-Mar23'!T20 -> APC Nutrients Limited | F20: =+'Order Details Aug22-Mar23'!D20 -> VOLAMEL | H20: =+'Order Details Aug22-Mar23'!G20 -> Kg | I20: =+'Order Details Aug22-Mar23'!I20 -> 300 | K20: =+'Order Details Aug22-Mar23'!R20 -> PO / NBF / 220922 / 01 | N20: =+'Order Details Aug22-Mar23'!F20*'Order Details Aug22-Mar23'!N20 -> 171000 | R20: 3 | S20: =P20+R20 -> 3
A21: 13 | B21: =+'Order Details Aug22-Mar23'!P21 -> 44826 | D21: =+'Order Details Aug22-Mar23'!T21 -> Das Drug Centre, Habra | F21: =+'Order Details Aug22-Mar23'!D21 -> STODI | H21: =+'Order Details Aug22-Mar23'!G21 -> Kg | I21: =+'Order Details Aug22-Mar23'!I21 -> 300 | K21: =+'Order Details Aug22-Mar23'!R21 -> PO / NBF / 220922 / 02 | N21: =+'Order Details Aug22-Mar23'!F21*'Order Details Aug22-Mar23'!N21 -> 21300 | R21: 45 | S21: =P21+R21 -> 45
A22: 14 | B22: =+'Order Details Aug22-Mar23'!P22 -> 44826 | D22: =+'Order Details Aug22-Mar23'!T22 -> Tara Enterprises, Hyderabad | F22: =+'Order Details Aug22-Mar23'!D22 -> HIPRAVIHAR CLON H-120 | H22: =+'Order Details Aug22-Mar23'!G22 -> Dose | I22: =+'Order Details Aug22-Mar23'!I22 -> 100000 | K22: =+'Order Details Aug22-Mar23'!R22 -> PO / NBF / 220922 / 03 | N22: =+'Order Details Aug22-Mar23'!F22*'Order Details Aug22-Mar23'!N22 -> 23100 | R22: 45 | S22: =P22+R22 -> 45
A23: 15 | B23: =+'Order Details Aug22-Mar23'!P23 -> 44827 | D23: =+'Order Details Aug22-Mar23'!T23 -> Stats Speciality Products | F23: =+'Order Details Aug22-Mar23'!D23 -> RECEPTOL (MSD) | H23: =+'Order Details Aug22-Mar23'!G23 -> ML | I23: =+'Order Details Aug22-Mar23'!I23 -> 400 | K23: =+'Order Details Aug22-Mar23'!R23 -> PO / NBF / 230922 / 01 | N23: =+'Order Details Aug22-Mar23'!F23*'Order Details Aug22-Mar23'!N23 -> 28000 | R23: 45 | S23: =P23+R23 -> 45
A24: 16 | B24: =+'Order Details Aug22-Mar23'!P24 -> 44830 | D24: =+'Order Details Aug22-Mar23'!T24 -> ABP Enterprises | F24: =+'Order Details Aug22-Mar23'!D24 -> KAMRAKSHA PLUS | H24: =+'Order Details Aug22-Mar23'!G24 -> Ltr | I24: =+'Order Details Aug22-Mar23'!I24 -> 100 | K24: =+'Order Details Aug22-Mar23'!R24 -> PO / NBF / 260922 / 01 | N24: =+'Order Details Aug22-Mar23'!F24*'Order Details Aug22-Mar23'!N24 -> 32999.88 | R24: 10 | S24: =P24+R24 -> 10
A25: 17 | B25: =+'Order Details Aug22-Mar23'!P25 -> 44830 | D25: =+'Order Details Aug22-Mar23'!T25 -> Izda Health Care | F25: =+'Order Details Aug22-Mar23'!D25 -> DEFORCE INJECTION (Idza) | H25: =+'Order Details Aug22-Mar23'!G25 -> ML | I25: =+'Order Details Aug22-Mar23'!I25 -> 500 | K25: =+'Order Details Aug22-Mar23'!R25 -> PO / NBF / 260922 / 02 | N25: =+'Order Details Aug22-Mar23'!F25*'Order Details Aug22-Mar23'!N25 -> 42000 | R25: 45 | S25: =P25+R25 -> 45
A26: 18 | B26: =+'Order Details Aug22-Mar23'!P26 -> 44830 | D26: =+'Order Details Aug22-Mar23'!T26 -> Das Drug Centre, Habra | F26: =+'Order Details Aug22-Mar23'!D26 -> AMBIPLEX | H26: =+'Order Details Aug22-Mar23'!G26 -> Ltr | I26: =+'Order Details Aug22-Mar23'!I26 -> 100 | K26: =+'Order Details Aug22-Mar23'!R26 -> PO / NBF / 260922 / 03 | N26: =+'Order Details Aug22-Mar23'!F26*'Order Details Aug22-Mar23'!N26 -> 10300 | R26: 45 | S26: =P26+R26 -> 45
A27: 19 | B27: =+'Order Details Aug22-Mar23'!P27 -> 44830 | D27: =+'Order Details Aug22-Mar23'!T27 -> Das Drug Centre, Habra | F27: =+'Order Details Aug22-Mar23'!D27 -> URIMIN INJECTION | H27: =+'Order Details Aug22-Mar23'!G27 -> ML | I27: =+'Order Details Aug22-Mar23'!I27 -> 3000 | K27: =+'Order Details Aug22-Mar23'!R27 -> PO / NBF / 260922 / 03 | N27: =+'Order Details Aug22-Mar23'!F27*'Order Details Aug22-Mar23'!N27 -> 10056.06 | R27: 45 | S27: =P27+R27 -> 45
A28: 20 | B28: =+'Order Details Aug22-Mar23'!P28 -> 44830 | D28: =+'Order Details Aug22-Mar23'!T28 -> B V Biocrop - Hitech Division | F28: =+'Order Details Aug22-Mar23'!D28 -> AQUAMAX | H28: =+'Order Details Aug22-Mar23'!G28 -> Ltr | I28: =+'Order Details Aug22-Mar23'!I28 -> 200 | K28: =+'Order Details Aug22-Mar23'!R28 -> PO / NBF / 260922 / 04 | N28: =+'Order Details Aug22-Mar23'!F28*'Order Details Aug22-Mar23'!N28 -> 21570.4 | R28: 7 | S28: =P28+R28 -> 7
A29: 21 | B29: =+'Order Details Aug22-Mar23'!P29 -> 44830 | D29: =+'Order Details Aug22-Mar23'!T29 -> B V Biocrop - Hitech Division | F29: =+'Order Details Aug22-Mar23'!D29 -> B- 904 | H29: =+'Order Details Aug22-Mar23'!G29 -> Ltr | I29: =+'Order Details Aug22-Mar23'!I29 -> 60 | K29: =+'Order Details Aug22-Mar23'!R29 -> PO / NBF / 260922 / 04 | N29: =+'Order Details Aug22-Mar23'!F29*'Order Details Aug22-Mar23'!N29 -> 46345.68 | R29: 7 | S29: =P29+R29 -> 7
... A34: 26 | B34: =+'Order Details Aug22-Mar23'!P34 -> 44851 | D34: =+'Order Details Aug22-Mar23'!T34 -> Order has been cancelled | F34: =+'Order Details Aug22-Mar23'!D34 -> TOXFIN - 365 | H34: =+'Order Details Aug22-Mar23'!G34 -> Kg | I34: =+'Order Details Aug22-Mar23'!I34 -> 500 | K34: =+'Order Details Aug22-Mar23'!R34 -> PO / NBF / 171022 / 02 | N34: =+'Order Details Aug22-Mar23'!F34*'Order Details Aug22-Mar23'!N34 -> 70000 | R34: 45 | S34: =P34+R34 -> 45
A35: 27 | D35: =+'Order Details Aug22-Mar23'!T35 -> Supplied IMPORTED Materials | F35: =+'Order Details Aug22-Mar23'!D35 -> MONO CALCIUM PHOSPHATE | H35: =+'Order Details Aug22-Mar23'!G35 -> Kg | I35: =+'Order Details Aug22-Mar23'!I35 -> 0 | N35: =+'Order Details Aug22-Mar23'!F35*'Order Details Aug22-Mar23'!N35 -> 0 | R35: N A | S35: =P35+R35 -> #VALUE!
A36: 28 | B36: =+'Order Details Aug22-Mar23'!P36 -> 44856 | D36: =+'Order Details Aug22-Mar23'!T36 -> Trouw Nutrition India Pvt Ltd | F36: =+'Order Details Aug22-Mar23'!D36 -> TOXO - XL | H36: =+'Order Details Aug22-Mar23'!G36 -> Kg | I36: =+'Order Details Aug22-Mar23'!I36 -> 500 | K36: =+'Order Details Aug22-Mar23'!R36 -> PO / NBF / 221022 / 01 | N36: =+'Order Details Aug22-Mar23'!F36*'Order Details Aug22-Mar23'!N36 -> 115000 | R36: 45 | S36: =P36+R36 -> 45
A37: 29 | B37: =+'Order Details Aug22-Mar23'!P37 -> 44860 | D37: =+'Order Details Aug22-Mar23'!T37 -> Stallen South Asia Pvt Ltd | F37: =+'Order Details Aug22-Mar23'!D37 -> FORLUTIN - 10% | H37: =+'Order Details Aug22-Mar23'!G37 -> Kg | I37: =+'Order Details Aug22-Mar23'!I37 -> 200 | K37: =+'Order Details Aug22-Mar23'!R37 -> PO / NBF / 261022 / 01 | N37: =+'Order Details Aug22-Mar23'!F37*'Order Details Aug22-Mar23'!N37 -> 141000 | R37: 45 | S37: =P37+R37 -> 45
A38: 30 | B38: =+'Order Details Aug22-Mar23'!P38 -> 44867 | D38: =+'Order Details Aug22-Mar23'!T38 -> Huvephatrma Sea Pune | F38: =+'Order Details Aug22-Mar23'!D38 -> TILMOVET | H38: =+'Order Details Aug22-Mar23'!G38 -> ML | I38: =+'Order Details Aug22-Mar23'!I38 -> 17280 | K38: =+'Order Details Aug22-Mar23'!R38 -> PO / NBF / 021122 / 01 | N38: =+'Order Details Aug22-Mar23'!F38*'Order Details Aug22-Mar23'!N38 -> 187488 | R38: 45 | S38: =P38+R38 -> 45
A39: 31 | B39: =+'Order Details Aug22-Mar23'!P39 -> 44867 | D39: =+'Order Details Aug22-Mar23'!T39 -> Healers Associates | F39: =+'Order Details Aug22-Mar23'!D39 -> SANEXT POWDER | H39: =+'Order Details Aug22-Mar23'!G39 -> Kg | I39: =+'Order Details Aug22-Mar23'!I39 -> 10 | K39: =+'Order Details Aug22-Mar23'!R39 -> PO / NBF / 021122 / 02 | N39: =+'Order Details Aug22-Mar23'!F39*'Order Details Aug22-Mar23'!N39 -> 30680 | R39: 45 | S39: =P39+R39 -> 45
A40: 32 | B40: =+'Order Details Aug22-Mar23'!P40 -> 44867 | D40: =+'Order Details Aug22-Mar23'!T40 -> B V Biocrop - Hitech Division | F40: =+'Order Details Aug22-Mar23'!D40 -> BV CLO-2 (10 Gms) | H40: =+'Order Details Aug22-Mar23'!G40 -> Pcs | I40: =+'Order Details Aug22-Mar23'!I40 -> 1000 | K40: =+'Order Details Aug22-Mar23'!R40 -> PO / NBF / 021122 / 03 | N40: =+'Order Details Aug22-Mar23'!F40*'Order Details Aug22-Mar23'!N40 -> 25960 | R40: 7 | S40: =P40+R40 -> 7
A41: 33 | B41: =+'Order Details Aug22-Mar23'!P41 -> 44867 | D41: =+'Order Details Aug22-Mar23'!T41 -> Venkys India - AHP Division | F41: =+'Order Details Aug22-Mar23'!D41 -> AMO PREMIX | H41: =+'Order Details Aug22-Mar23'!G41 -> Gms | I41: =+'Order Details Aug22-Mar23'!I41 -> 18000 | K41: =+'Order Details Aug22-Mar23'!R41 -> PO / NBF / 021122 / 04 | N41: =+'Order Details Aug22-Mar23'!F41*'Order Details Aug22-Mar23'!N41 -> 19404 | R41: 7 | S41: =P41+R41 -> 7
A42: 34 | B42: =+'Order Details Aug22-Mar23'!P42 -> 44867 | D42: =+'Order Details Aug22-Mar23'!T42 -> Venkys India - AHP Division | F42: =+'Order Details Aug22-Mar23'!D42 -> ELIMIN - 8 | H42: =+'Order Details Aug22-Mar23'!G42 -> Ltr | I42: =+'Order Details Aug22-Mar23'!I42 -> 60 | K42: =+'Order Details Aug22-Mar23'!R42 -> PO / NBF / 021122 / 04 | N42: =+'Order Details Aug22-Mar23'!F42*'Order Details Aug22-Mar23'!N42 -> 14856 | R42: 7 | S42: =P42+R42 -> 7
A43: 35 | B43: =+'Order Details Aug22-Mar23'!P43 -> 44868 | D43: =+'Order Details Aug22-Mar23'!T43 -> Crescent Marketing, Hyderabad | F43: =+'Order Details Aug22-Mar23'!D43 -> BRONCHIN KILLED VACCINE | H43: =+'Order Details Aug22-Mar23'!G43 -> Dose | I43: =+'Order Details Aug22-Mar23'!I43 -> 13000 | K43: =+'Order Details Aug22-Mar23'!R43 -> PO / NBF / 031122 / 01 | N43: =+'Order Details Aug22-Mar23'!F43*'Order Details Aug22-Mar23'!N43 -> 37837.8 | R43: 45 | S43: =P43+R43 -> 45
A44: 36 | B44: =+'Order Details Aug22-Mar23'!P44 -> 44868 | D44: =+'Order Details Aug22-Mar23'!T44 -> Das Drug Centre, Habra | F44: =+'Order Details Aug22-Mar23'!D44 -> KAYSOL FORTE | H44: =+'Order Details Aug22-Mar23'!G44 -> Gms | I44: =+'Order Details Aug22-Mar23'!I44 -> 4000 | K44: =+'Order Details Aug22-Mar23'!R44 -> PO / NBF / 031122 / 02 | N44: =+'Order Details Aug22-Mar23'!F44*'Order Details Aug22-Mar23'!N44 -> 5200 | R44: 45 | S44: =P44+R44 -> 45
A45: 37 | B45: =+'Order Details Aug22-Mar23'!P45 -> 44868 | D45: =+'Order Details Aug22-Mar23'!T45 -> Das Drug Centre, Habra | F45: =+'Order Details Aug22-Mar23'!D45 -> VVAANDOX | H45: =+'Order Details Aug22-Mar23'!G45 -> Gms | I45: =+'Order Details Aug22-Mar23'!I45 -> 20000 | K45: =+'Order Details Aug22-Mar23'!R45 -> PO / NBF / 031122 / 02 | N45: =+'Order Details Aug22-Mar23'!F45*'Order Details Aug22-Mar23'!N45 -> 35840 | R45: 45 | S45: =P45+R45 -> 45
A46: 38 | B46: =+'Order Details Aug22-Mar23'!P46 -> 44868 | D46: =+'Order Details Aug22-Mar23'!T46 -> Hester Biosciences Limited | F46: =+'Order Details Aug22-Mar23'!D46 -> IB MA-5 LIVE Vaccine | H46: =+'Order Details Aug22-Mar23'!G46 -> Dose | I46: =+'Order Details Aug22-Mar23'!I46 -> 27000 | K46: =+'Order Details Aug22-Mar23'!R46 -> PO / NBF / 031122 / 03 | N46: =+'Order Details Aug22-Mar23'!F46*'Order Details Aug22-Mar23'!N46 -> 7087.5 | R46: 7 | S46: =P46+R46 -> 7
A47: 39 | B47: =+'Order Details Aug22-Mar23'!P47 -> 44868 | D47: =+'Order Details Aug22-Mar23'!T47 -> Hester Biosciences Limited | F47: =+'Order Details Aug22-Mar23'!D47 -> ILT LIVE (GI-10000) | H47: =+'Order Details Aug22-Mar23'!G47 -> Dose | I47: =+'Order Details Aug22-Mar23'!I47 -> 54000 | K47: =+'Order Details Aug22-Mar23'!R47 -> PO / NBF / 031122 / 03 | N47: =+'Order Details Aug22-Mar23'!F47*'Order Details Aug22-Mar23'!N47 -> 85050 | R47: 7 | S47: =P47+R47 -> 7
... A92: 84 | B92: =+'Order Details Aug22-Mar23'!P92 -> 44907 | D92: =+'Order Details Aug22-Mar23'!T92 -> Arevin Lifesciences Pvt Ltd | F92: =+'Order Details Aug22-Mar23'!D92 -> MICROVIT-E 50 Promix (Adisseo) | H92: =+'Order Details Aug22-Mar23'!G92 -> Kg | I92: =+'Order Details Aug22-Mar23'!I92 -> 200 | K92: =+'Order Details Aug22-Mar23'!R92 -> PO / NBF / 121222 / 10 | N92: =+'Order Details Aug22-Mar23'!F92*'Order Details Aug22-Mar23'!N92 -> 192000 | R92: 45 | S92: =P92+R92 -> 45
A93: 85 | B93: =+'Order Details Aug22-Mar23'!P93 -> 44911 | D93: =+'Order Details Aug22-Mar23'!T93 -> PO Done by Pijush Dey | F93: =+'Order Details Aug22-Mar23'!D93 -> FULL FAT SOYA BEAN | H93: =+'Order Details Aug22-Mar23'!G93 -> Kg | I93: =+'Order Details Aug22-Mar23'!I93 -> 0 | K93: =+'Order Details Aug22-Mar23'!R93 -> PO / NBF / 161222 / 11 | N93: =+'Order Details Aug22-Mar23'!F93*'Order Details Aug22-Mar23'!N93 -> 0 | S93: =P93+R93 -> 0
A94: 86 | B94: =+'Order Details Aug22-Mar23'!P94 -> 44917 | D94: =+'Order Details Aug22-Mar23'!T94 -> Stats Speciality Products | F94: =+'Order Details Aug22-Mar23'!D94 -> KEMZYME - XPF | H94: =+'Order Details Aug22-Mar23'!G94 -> Kg | I94: =+'Order Details Aug22-Mar23'!I94 -> 200 | K94: =+'Order Details Aug22-Mar23'!R94 -> PO / NBF / 221222 / 12 | N94: =+'Order Details Aug22-Mar23'!F94*'Order Details Aug22-Mar23'!N94 -> 52000 | R94: 45 | S94: =P94+R94 -> 45
A95: 87 | B95: =+'Order Details Aug22-Mar23'!P95 -> 44917 | D95: =+'Order Details Aug22-Mar23'!T95 -> Ves Spa, Barasat | F95: =+'Order Details Aug22-Mar23'!D95 -> VES - CHOL 60% (Vesper) | H95: =+'Order Details Aug22-Mar23'!G95 -> Kg | I95: =+'Order Details Aug22-Mar23'!I95 -> 1000 | K95: =+'Order Details Aug22-Mar23'!R95 -> PO / NBF / 221222 / 13 | N95: =+'Order Details Aug22-Mar23'!F95*'Order Details Aug22-Mar23'!N95 -> 90000 | R95: 45 | S95: =P95+R95 -> 45
A96: 88 | B96: =+'Order Details Aug22-Mar23'!P96 -> 44917 | D96: =+'Order Details Aug22-Mar23'!T96 -> Das Drug Centre, Habra | F96: =+'Order Details Aug22-Mar23'!D96 -> STODI | H96: =+'Order Details Aug22-Mar23'!G96 -> Kg | I96: =+'Order Details Aug22-Mar23'!I96 -> 300 | K96: =+'Order Details Aug22-Mar23'!R96 -> PO / NBF / 221222 / 14 | N96: =+'Order Details Aug22-Mar23'!F96*'Order Details Aug22-Mar23'!N96 -> 21300 | R96: 45 | S96: =P96+R96 -> 45
A97: 89 | B97: =+'Order Details Aug22-Mar23'!P97 -> 44917 | D97: =+'Order Details Aug22-Mar23'!T97 -> APC Nutrients Limited | F97: =+'Order Details Aug22-Mar23'!D97 -> VOLAMEL | H97: =+'Order Details Aug22-Mar23'!G97 -> Kg | I97: =+'Order Details Aug22-Mar23'!I97 -> 500 | K97: =+'Order Details Aug22-Mar23'!R97 -> PO / NBF / 221222 / 15 | N97: =+'Order Details Aug22-Mar23'!F97*'Order Details Aug22-Mar23'!N97 -> 285000 | R97: 45 | S97: =P97+R97 -> 45
A98: 90 | B98: =+'Order Details Aug22-Mar23'!P98 -> 44919 | D98: =+'Order Details Aug22-Mar23'!T98 -> Avitech Nutrition Pvt Ltd | F98: =+'Order Details Aug22-Mar23'!D98 -> BREEDER VITAMIN PREMIX-HYD | H98: =+'Order Details Aug22-Mar23'!G98 -> Kg | I98: =+'Order Details Aug22-Mar23'!I98 -> 500 | K98: =+'Order Details Aug22-Mar23'!R98 -> PO / NBF / 241222 / 16 | N98: =+'Order Details Aug22-Mar23'!F98*'Order Details Aug22-Mar23'!N98 -> 362000 | R98: 45 | S98: =P98+R98 -> 45
A99: 91 | B99: =+'Order Details Aug22-Mar23'!P99 -> 44919 | D99: =+'Order Details Aug22-Mar23'!T99 -> Stats Speciality Products | F99: =+'Order Details Aug22-Mar23'!D99 -> CLOSTAT - 12 / 365 | H99: =+'Order Details Aug22-Mar23'!G99 -> Kg | I99: =+'Order Details Aug22-Mar23'!I99 -> 200 | K99: =+'Order Details Aug22-Mar23'!R99 -> PO / NBF / 241222 / 17 | N99: =+'Order Details Aug22-Mar23'!F99*'Order Details Aug22-Mar23'!N99 -> 112000 | R99: 45 | S99: =P99+R99 -> 45
A100: 92 | B100: =+'Order Details Aug22-Mar23'!P100 -> 44924 | D100: =+'Order Details Aug22-Mar23'!T100 -> Alltech Biotechnology Pvt Ltd | F100: =+'Order Details Aug22-Mar23'!D100 -> BIOPLEX POULTRY PAK | H100: =+'Order Details Aug22-Mar23'!G100 -> Kg | I100: =+'Order Details Aug22-Mar23'!I100 -> 500 | K100: =+'Order Details Aug22-Mar23'!R100 -> PO / NBF / 291222 / 18 | N100: =+'Order Details Aug22-Mar23'!F100*'Order Details Aug22-Mar23'!N100 -> 110000 | R100: 7 | S100: =P100+R100 -> 7
A101: 93 | B101: =+'Order Details Aug22-Mar23'!P101 -> 44924 | D101: =+'Order Details Aug22-Mar23'!T101 -> Varsha Multitech, Bangalore | F101: =+'Order Details Aug22-Mar23'!D101 -> HEPATOCARE PREMIX | H101: =+'Order Details Aug22-Mar23'!G101 -> Kg | I101: =+'Order Details Aug22-Mar23'!I101 -> 500 | K101: =+'Order Details Aug22-Mar23'!R101 -> PO / NBF / 291222 / 19 | N101: =+'Order Details Aug22-Mar23'!F101*'Order Details Aug22-Mar23'!N101 -> 25000 | R101: 45 | S101: =P101+R101 -> 45
A102: 94 | B102: =+'Order Details Aug22-Mar23'!P102 -> 44929 | D102: =+'Order Details Aug22-Mar23'!T102 -> Stallen South Asia Pvt Ltd | F102: =+'Order Details Aug22-Mar23'!D102 -> FORLUTIN - 10% | H102: =+'Order Details Aug22-Mar23'!G102 -> Kg | I102: =+'Order Details Aug22-Mar23'!I102 -> 250 | K102: =+'Order Details Aug22-Mar23'!R102 -> PO / NBF / 030123 / 01 | N102: =+'Order Details Aug22-Mar23'!F102*'Order Details Aug22-Mar23'!N102 -> 176250 | R102: 45 | S102: =P102+R102 -> 45
A103: 95 | B103: =+'Order Details Aug22-Mar23'!P103 -> 44935 | D103: =+'Order Details Aug22-Mar23'!T103 -> B V Biocrop - Hitech Division | F103: =+'Order Details Aug22-Mar23'!D103 -> B- 904 | H103: =+'Order Details Aug22-Mar23'!G103 -> Ltr | I103: =+'Order Details Aug22-Mar23'!I103 -> 60 | K103: =+'Order Details Aug22-Mar23'!R103 -> PO / NBF / 090123 / 02 | N103: =+'Order Details Aug22-Mar23'!F103*'Order Details Aug22-Mar23'!N103 -> 46628.88 | R103: 7 | S103: =P103+R103 -> 7
A104: 96 | B104: =+'Order Details Aug22-Mar23'!P104 -> 44935 | D104: =+'Order Details Aug22-Mar23'!T104 -> B V Biocrop - Hitech Division | F104: =+'Order Details Aug22-Mar23'!D104 -> BIO BUSTER PLUS | H104: =+'Order Details Aug22-Mar23'!G104 -> Gms | I104: =+'Order Details Aug22-Mar23'!I104 -> 6000 | K104: =+'Order Details Aug22-Mar23'!R104 -> PO / NBF / 090123 / 02 | N104: =+'Order Details Aug22-Mar23'!F104*'Order Details Aug22-Mar23'!N104 -> 5734.8 | R104: 7 | S104: =P104+R104 -> 7
A105: 97 | B105: =+'Order Details Aug22-Mar23'!P105 -> 44935 | D105: =+'Order Details Aug22-Mar23'!T105 -> B V Biocrop - Hitech Division | F105: =+'Order Details Aug22-Mar23'!D105 -> TRACEMIN-BB | H105: =+'Order Details Aug22-Mar23'!G105 -> Kg | I105: =+'Order Details Aug22-Mar23'!I105 -> 510 | K105: =+'Order Details Aug22-Mar23'!R105 -> PO / NBF / 090123 / 02 | N105: =+'Order Details Aug22-Mar23'!F105*'Order Details Aug22-Mar23'!N105 -> 29750 | R105: 7 | S105: =P105+R105 -> 7
... A192: 184 | B192: =+'Order Details Aug22-Mar23'!P192 -> 45015 | D192: =+'Order Details Aug22-Mar23'!T192 -> Das Drug Centre, Habra | F192: =+'Order Details Aug22-Mar23'!D192 -> HIM C (Himalaya) | H192: =+'Order Details Aug22-Mar23'!G192 -> Kg | I192: =+'Order Details Aug22-Mar23'!I192 -> 500 | K192: =+'Order Details Aug22-Mar23'!R192 -> PO / NBF / 300323 / 41 | N192: =+'Order Details Aug22-Mar23'!F192*'Order Details Aug22-Mar23'!N192 -> 67500 | R192: 45 | S192: =P192+R192 -> 45
A193: 185 | B193: =+'Order Details Aug22-Mar23'!P193 -> 45015 | D193: =+'Order Details Aug22-Mar23'!T193 -> Ves Spa, Barasat | F193: =+'Order Details Aug22-Mar23'!D193 -> VES - CHOL 60% (Vesper) | H193: =+'Order Details Aug22-Mar23'!G193 -> Kg | I193: =+'Order Details Aug22-Mar23'!I193 -> 1000 | K193: =+'Order Details Aug22-Mar23'!R193 -> PO / NBF / 300323 / 42 | N193: =+'Order Details Aug22-Mar23'!F193*'Order Details Aug22-Mar23'!N193 -> 90000 | S193: =P193+R193 -> 0
A194: 186 | B194: =+'Order Details Aug22-Mar23'!P194 -> 0 | D194: =+'Order Details Aug22-Mar23'!T194 -> 0 | F194: =+'Order Details Aug22-Mar23'!D194 -> 0 | H194: =+'Order Details Aug22-Mar23'!G194 -> 0 | I194: =+'Order Details Aug22-Mar23'!I194 -> 0 | K194: =+'Order Details Aug22-Mar23'!R194 -> PO / NBF / | N194: =+'Order Details Aug22-Mar23'!F194*'Order Details Aug22-Mar23'!N194 -> 0 | S194: =P194+R194 -> 0
A195: 187 | B195: =+'Order Details Aug22-Mar23'!P195 -> 0 | D195: =+'Order Details Aug22-Mar23'!T195 -> 0 | F195: =+'Order Details Aug22-Mar23'!D195 -> 0 | H195: =+'Order Details Aug22-Mar23'!G195 -> 0 | I195: =+'Order Details Aug22-Mar23'!I195 -> 0 | K195: =+'Order Details Aug22-Mar23'!R195 -> PO / NBF / | N195: =+'Order Details Aug22-Mar23'!F195*'Order Details Aug22-Mar23'!N195 -> 0 | S195: =P195+R195 -> 0
A196: 188 | B196: =+'Order Details Aug22-Mar23'!P196 -> 0 | D196: =+'Order Details Aug22-Mar23'!T196 -> 0 | F196: =+'Order Details Aug22-Mar23'!D196 -> 0 | H196: =+'Order Details Aug22-Mar23'!G196 -> 0 | I196: =+'Order Details Aug22-Mar23'!I196 -> 0 | K196: =+'Order Details Aug22-Mar23'!R196 -> PO / NBF / | N196: =+'Order Details Aug22-Mar23'!F196*'Order Details Aug22-Mar23'!N196 -> 0 | S196: =P196+R196 -> 0
A197: 189 | B197: =+'Order Details Aug22-Mar23'!P197 -> 0 | D197: =+'Order Details Aug22-Mar23'!T197 -> 0 | F197: =+'Order Details Aug22-Mar23'!D197 -> 0 | H197: =+'Order Details Aug22-Mar23'!G197 -> 0 | I197: =+'Order Details Aug22-Mar23'!I197 -> 0 | K197: =+'Order Details Aug22-Mar23'!R197 -> PO / NBF / | N197: =+'Order Details Aug22-Mar23'!F197*'Order Details Aug22-Mar23'!N197 -> 0 | S197: =P197+R197 -> 0
A198: 190 | B198: =+'Order Details Aug22-Mar23'!P198 -> 0 | D198: =+'Order Details Aug22-Mar23'!T198 -> 0 | F198: =+'Order Details Aug22-Mar23'!D198 -> 0 | H198: =+'Order Details Aug22-Mar23'!G198 -> 0 | I198: =+'Order Details Aug22-Mar23'!I198 -> 0 | K198: =+'Order Details Aug22-Mar23'!R198 -> PO / NBF / | N198: =+'Order Details Aug22-Mar23'!F198*'Order Details Aug22-Mar23'!N198 -> 0 | S198: =P198+R198 -> 0
A199: 191 | B199: =+'Order Details Aug22-Mar23'!P199 -> 0 | D199: =+'Order Details Aug22-Mar23'!T199 -> 0 | F199: =+'Order Details Aug22-Mar23'!D199 -> 0 | H199: =+'Order Details Aug22-Mar23'!G199 -> 0 | I199: =+'Order Details Aug22-Mar23'!I199 -> 0 | K199: =+'Order Details Aug22-Mar23'!R199 -> PO / NBF / | N199: =+'Order Details Aug22-Mar23'!F199*'Order Details Aug22-Mar23'!N199 -> 0 | S199: =P199+R199 -> 0
A200: 192 | B200: =+'Order Details Aug22-Mar23'!P200 -> 0 | D200: =+'Order Details Aug22-Mar23'!T200 -> 0 | F200: =+'Order Details Aug22-Mar23'!D200 -> 0 | H200: =+'Order Details Aug22-Mar23'!G200 -> 0 | I200: =+'Order Details Aug22-Mar23'!I200 -> 0 | K200: =+'Order Details Aug22-Mar23'!R200 -> PO / NBF / | N200: =+'Order Details Aug22-Mar23'!F200*'Order Details Aug22-Mar23'!N200 -> 0 | S200: =P200+R200 -> 0
A201: 193 | B201: =+'Order Details Aug22-Mar23'!P201 -> 0 | D201: =+'Order Details Aug22-Mar23'!T201 -> 0 | F201: =+'Order Details Aug22-Mar23'!D201 -> 0 | H201: =+'Order Details Aug22-Mar23'!G201 -> 0 | I201: =+'Order Details Aug22-Mar23'!I201 -> 0 | K201: =+'Order Details Aug22-Mar23'!R201 -> PO / NBF / | N201: =+'Order Details Aug22-Mar23'!F201*'Order Details Aug22-Mar23'!N201 -> 0 | S201: =P201+R201 -> 0
A202: 194 | B202: =+'Order Details Aug22-Mar23'!P202 -> 0 | D202: =+'Order Details Aug22-Mar23'!T202 -> 0 | F202: =+'Order Details Aug22-Mar23'!D202 -> 0 | H202: =+'Order Details Aug22-Mar23'!G202 -> 0 | I202: =+'Order Details Aug22-Mar23'!I202 -> 0 | K202: =+'Order Details Aug22-Mar23'!R202 -> PO / NBF / | N202: =+'Order Details Aug22-Mar23'!F202*'Order Details Aug22-Mar23'!N202 -> 0 | S202: =P202+R202 -> 0
A203: 195 | B203: =+'Order Details Aug22-Mar23'!P203 -> 0 | D203: =+'Order Details Aug22-Mar23'!T203 -> 0 | F203: =+'Order Details Aug22-Mar23'!D203 -> 0 | H203: =+'Order Details Aug22-Mar23'!G203 -> 0 | I203: =+'Order Details Aug22-Mar23'!I203 -> 0 | K203: =+'Order Details Aug22-Mar23'!R203 -> PO / NBF / | N203: =+'Order Details Aug22-Mar23'!F203*'Order Details Aug22-Mar23'!N203 -> 0 | S203: =P203+R203 -> 0
A204: 196 | B204: =+'Order Details Aug22-Mar23'!P204 -> 0 | D204: =+'Order Details Aug22-Mar23'!T204 -> 0 | F204: =+'Order Details Aug22-Mar23'!D204 -> 0 | H204: =+'Order Details Aug22-Mar23'!G204 -> 0 | I204: =+'Order Details Aug22-Mar23'!I204 -> 0 | K204: =+'Order Details Aug22-Mar23'!R204 -> PO / NBF / | N204: =+'Order Details Aug22-Mar23'!F204*'Order Details Aug22-Mar23'!N204 -> 0 | S204: =P204+R204 -> 0
... A220: 212 | B220: =+'Order Details Aug22-Mar23'!P220 -> 0 | D220: =+'Order Details Aug22-Mar23'!T220 -> 0 | F220: =+'Order Details Aug22-Mar23'!D220 -> 0 | H220: =+'Order Details Aug22-Mar23'!G220 -> 0 | I220: =+'Order Details Aug22-Mar23'!I220 -> 0 | K220: =+'Order Details Aug22-Mar23'!R220 -> PO / NBF / | N220: =+'Order Details Aug22-Mar23'!F220*'Order Details Aug22-Mar23'!N220 -> 0 | S220: =P220+R220 -> 0

Sheet Order Details Apr23-Mar24
B3: NBF | E3: ORDER DETAILS AS PER INDENT OF NARAENDRA BREEDING FARMS | S3: Update as on 30.03.2024
B5: INDENT | D5: NARAENDRA BREEDING FARMS | F5: D E T A I L S A B O U T I T E M | K5: D E T A I L S A B O U T P R I C E | P5: D E T A I L S A B O U T P U R C H A S E O R D E R
B7: DATE OF INDENT | D7: NAME OF ITEM | F7: REQUIRE QTY | G7: UOM | H7: PACK SIZE | I7: OREDR QTY | K7: PRICE | L7: GST % | M7: GST Crgs | N7: NET PRICE | P7: PO RAISED ON | R7: PO DATE / NO | T7: NAME OF SUPPLIER
A9: 1 | B9: 45021 | D9: VOLAMEL (Nukamel) | F9: 20 | G9: Kg | H9: 25 | I9: =F9*H9 -> 500 | K9: 14250 | M9: =K9*L9 -> 0 | N9: =K9+M9 -> 14250 | P9: 45022 | R9: PO / NBF / 060423 / 01 | T9: APC Nutrients Limited
A10: 2 | B10: 45021 | D10: MG BAC KILLED VAC (Zoetis) | F10: 22 | G10: Dose | H10: 1000 | I10: =F10*H10 -> 22000 | K10: 6650 | L10: 0.05 | M10: =K10*L10 -> 332.5 | N10: =K10+M10 -> 6982.5 | P10: 45022 | R10: PO / NBF / 060423 / 02 | T10: Das Drug Centre, Habra
A11: 3 | B11: 45021 | D11: MASTERSORB (EW Nutrition) | F11: 20 | G11: Kg | H11: 25 | I11: =F11*H11 -> 500 | K11: 3200 | M11: =K11*L11 -> 0 | N11: =K11+M11 -> 3200 | P11: 45022 | R11: PO / NBF / 060423 / 03 | T11: PP & B Mart Pvt Ltd, Habra
A12: 4 | B12: 45022 | D12: ND KILLED (Visa-15) VAC | F12: 44 | G12: Dose | H12: 1000 | I12: =F12*H12 -> 44000 | K12: 1025 | L12: 0.05 | M12: =K12*L12 -> 51.25 | N12: =K12+M12 -> 1076.25 | P12: 45022 | R12: PO / NBF / 060423 / 04 | T12: Venkateshwara Hatcheries Ltd
A13: 5 | B13: 45023 | D13: TRITYL - 62.5 (Alivira) | F13: 32 | G13: Gms | H13: 400 | I13: =F13*H13 -> 12800 | K13: 8550 | L13: 0.12 | M13: =K13*L13 -> 1026 | N13: =K13+M13 -> 9576 | P13: 45024 | R13: PO / NBF / 080423 / 05 | T13: Alivira Animal Health Ltd
A14: 6 | B14: 45023 | D14: BIO BUSTER PLUS (B V Biocrop) | F14: 60 | G14: Gms | H14: 500 | I14: =F14*H14 -> 30000 | K14: 405 | L14: 0.18 | M14: =K14*L14 -> 72.9 | N14: =K14+M14 -> 477.9 | P14: 45024 | R14: PO / NBF / 080423 / 06 | T14: B V Biocrop, Hitech Division
A15: 7 | B15: 45023 | D15: BAYROCIN (Elanco) | F15: 20 | G15: Ltr | H15: 5 | I15: =F15*H15 -> 100 | K15: 2765 | L15: 0.18 | M15: =K15*L15 -> 497.7 | N15: =K15+M15 -> 3262.7 | P15: 45024 | R15: PO / NBF / 080423 / 07 | T15: Das Drug Centre, Habra
A16: 8 | B16: 45023 | D16: EKTOMIN (Elanco) | F16: 50 | G16: Ltr | H16: 1 | I16: =F16*H16 -> 50 | K16: 600 | L16: 0.12 | M16: =K16*L16 -> 72 | N16: =K16+M16 -> 672 | P16: 45024 | R16: PO / NBF / 080423 / 07 | T16: Das Drug Centre, Habra
A17: 9 | B17: 45023 | D17: FAMITONE (Zenex AH) | F17: 60 | G17: Ltr | H17: 1 | I17: =F17*H17 -> 60 | K17: 580 | M17: =K17*L17 -> 0 | N17: =K17+M17 -> 580 | P17: 45024 | R17: PO / NBF / 080423 / 07 | T17: Das Drug Centre, Habra
A18: 10 | B18: 45028 | D18: INACTIVATED ND (LPAI) | F18: 70 | G18: Dose | H18: 1000 | I18: =F18*H18 -> 70000 | K18: 902.48 | L18: 0.05 | M18: =K18*L18 -> 45.124 | N18: =K18+M18 -> 947.604 | P18: 45030 | R18: PO / NBF / 140423 / 08 | T18: Hester Biosciences Limited
A19: 11 | B19: 45033 | D19: SPERMED (Medichem Product) | F19: 30 | G19: Kg | H19: 1 | I19: =F19*H19 -> 30 | K19: 3500 | M19: =K19*L19 -> 0 | N19: =K19+M19 -> 3500 | P19: 45033 | R19: PO / NBF / 170423 / 09 | T19: Healers Associates, Vijayawada
A20: 12 | B20: 45033 | D20: BIO D - 100 (Huvepharma) | F20: 20 | G20: Kg | H20: 20 | I20: =F20*H20 -> 400 | K20: 32000 | M20: =K20*L20 -> 0 | N20: =K20+M20 -> 32000 | P20: 45033 | R20: PO / NBF / 170423 / 10 | T20: Huve Pharma Sea Pune Pvt Ltd
A21: 13 | B21: 45033 | D21: OVASTIM (Izda Healthcare) | F21: 500 | G21: Kg | H21: 1 | I21: =F21*H21 -> 500 | K21: 400 | M21: =K21*L21 -> 0 | N21: =K21+M21 -> 400 | P21: 45033 | R21: PO / NBF / 170423 / 11 | T21: Izda Healthcare, Ambala Cantonment
A22: 14 | B22: 45033 | D22: SELCON FORTE (Zeus Biotech) | F22: 15 | G22: Kg | H22: 10 | I22: =F22*H22 -> 150 | K22: 4000 | M22: =K22*L22 -> 0 | N22: =K22+M22 -> 4000 | P22: 45033 | R22: PO / NBF / 170423 / 12 | T22: Zeus Biotech Pvt Ltd, Mysore
A23: 15 | B23: 45036 | D23: ND KILLED (Visa-15) VAC | F23: 49 | G23: Dose | H23: 1000 | I23: =F23*H23 -> 49000 | K23: 1025 | L23: 0.05 | M23: =K23*L23 -> 51.25 | N23: =K23+M23 -> 1076.25 | P23: 45036 | R23: PO / NBF / 200423 / 13 | T23: Venkateshwara Hatcheries Ltd
A24: 16 | B24: 45040 | D24: FORLUTIN-10% (Stallen) | F24: 20 | G24: Kg | H24: 10 | I24: =F24*H24 -> 200 | K24: 7050 | M24: =K24*L24 -> 0 | N24: =K24+M24 -> 7050 | P24: 45040 | R24: PO / NBF / 240423 / 14 | T24: Stallen South Asia Pvt Ltd
A25: 17 | B25: 45040 | D25: HEPATOCARE PREMIX (Varsha) | F25: 20 | G25: Kg | H25: 25 | I25: =F25*H25 -> 500 | K25: 1250 | M25: =K25*L25 -> 0 | N25: =K25+M25 -> 1250 | P25: 45040 | R25: PO / NBF / 240423 / 15 | T25: Varsha Multitech, Bangallore
A26: 18 | B26: 45040 | D26: TIAMU-MED (Medichem Product) | F26: 8 | G26: Kg | H26: 25 | I26: =F26*H26 -> 200 | K26: 16875 | M26: =K26*L26 -> 0 | N26: =K26+M26 -> 16875 | P26: 45041 | R26: PO / NBF / 250423 / 16 | T26: Healers Associates, Vijayawada
A27: 19 | B27: 45044 | D27: SALCOCHEK (Ayurvet) | F27: 8 | G27: Kg | H27: 25 | I27: =F27*H27 -> 200 | K27: 3200 | L27: 0.12 | M27: =K27*L27 -> 384 | N27: =K27+M27 -> 3584 | P27: 45045 | R27: PO / NBF / 290423 / 17 | T27: Sai Kiran Medical Agencies
A28: 20 | B28: 45048 | D28: Breeder Vitamin Premix (Custom) | F28: 20 | G28: Kg | H28: 25 | I28: =F28*H28 -> 500 | K28: 14625 | M28: =K28*L28 -> 0 | N28: =K28+M28 -> 14625 | P28: 45050 | R28: PO / NBF / 040523 / 18 | T28: Trouw Nutrition India Pvt Ltd
A29: 21 | B29: 45054 | D29: Hipraviar Clon H-120 (Hipra) | F29: 100 | G29: Dose | H29: 2500 | I29: =F29*H29 -> 250000 | K29: 550 | L29: 0.05 | M29: =K29*L29 -> 27.5 | N29: =K29+M29 -> 577.5 | P29: 45054 | R29: PO / NBF / 080523 / 19 | T29: Tara Enterprises, Hyderabad
A30: 22 | B30: VERBAL | D30: CLOSTAT-365 / 12 (Kemin Indus) | F30: 8 | G30: Kg | H30: 25 | I30: =F30*H30 -> 200 | K30: 12500 | M30: =K30*L30 -> 0 | N30: =K30+M30 -> 12500 | P30: 45057 | R30: PO / NBF / 110523 / 20 | T30: Kemin Industries South Asia
A31: 23 | B31: 45061 | D31: CITRINAL (Alivira) | F31: 25 | G31: Kg | H31: 20 | I31: =F31*H31 -> 500 | K31: 3000 | M31: =K31*L31 -> 0 | N31: =K31+M31 -> 3000 | P31: 45061 | R31: PO / NBF / 150523 / 21 | T31: Alivira Animal Health Ltd
A32: 24 | B32: 45060 | D32: ILT(GI- 10000) Live Vaccine | F32: 42 | G32: Dose | H32: 1000 | I32: =F32*H32 -> 42000 | K32: 1500 | L32: 0.05 | M32: =K32*L32 -> 75 | N32: =K32+M32 -> 1575 | P32: 45060 | R32: PO / NBF / 150523 / 22 | T32: Hester Biosciences Limited
A33: 25 | B33: 45061 | D33: ALPHA D3 PREMIX (Alura) | F33: 12 | G33: Kg | H33: 10 | I33: =F33*H33 -> 120 | K33: 8800 | M33: =K33*L33 -> 0 | N33: =K33+M33 -> 8800 | P33: 45061 | R33: PO / NBF / 150523 / 23 | T33: Sapience Agribusiness Cons LLP
A34: 26 | B34: 45060 | D34: Hipraviar Clone-79 (Hipra) | F34: 20 | G34: Dose | H34: 2500 | I34: =F34*H34 -> 50000 | K34: 296 | L34: 0.05 | M34: =K34*L34 -> 14.8 | N34: =K34+M34 -> 310.8 | P34: 45061 | R34: PO / NBF / 150523 / 24 | T34: Tara Enterprises, Hyderabad
A35: 27 | B35: 45060 | D35: Hipraviar Clon H-120 (Hipra) | F35: 40 | G35: Dose | H35: 2500 | I35: =F35*H35 -> 100000 | K35: 550 | L35: 0.05 | M35: =K35*L35 -> 27.5 | N35: =K35+M35 -> 577.5 | P35: 45061 | R35: PO / NBF / 150523 / 24 | T35: Tara Enterprises, Hyderabad
A36: 28 | B36: 45060 | D36: Fowl Pox Live Vaccine (Venkys) | F36: 45 | G36: Dose | H36: 1000 | I36: =F36*H36 -> 45000 | K36: 125 | L36: 0.05 | M36: =K36*L36 -> 6.25 | N36: =K36+M36 -> 131.25 | P36: 45062 | R36: PO / NBF / 160523 / 25 | T36: Venkateshwara Hatcheries Ltd
A37: 29 | B37: 45060 | D37: AE KILLED VAC (Venkys) | F37: 44 | G37: Dose | H37: 1000 | I37: =F37*H37 -> 44000 | K37: 1995 | L37: 0.05 | M37: =K37*L37 -> 99.75 | N37: =K37+M37 -> 2094.75 | P37: 45062 | R37: PO / NBF / 160523 / 25 | T37: Venkateshwara Hatcheries Ltd
A38: 30 | B38: 45060 | D38: IBD KILLED VAC (Venkys) | F38: 120 | G38: Dose | H38: 400 | I38: =F38*H38 -> 48000 | K38: 896 | L38: 0.05 | M38: =K38*L38 -> 44.8 | N38: =K38+M38 -> 940.8 | P38: 45062 | R38: PO / NBF / 160523 / 25 | T38: Venkateshwara Hatcheries Ltd
A39: 31 | B39: 45060 | D39: MG KILLED VAC (Venkys) | F39: 95 | G39: Dose | H39: 1000 | I39: =F39*H39 -> 95000 | K39: 4200 | L39: 0.05 | M39: =K39*L39 -> 210 | N39: =K39+M39 -> 4410 | P39: 45062 | R39: PO / NBF / 160523 / 25 | T39: Venkateshwara Hatcheries Ltd
A40: 32 | B40: 45060 | D40: VENNEW BRO KILLED VAC (Venkys) | F40: 48 | G40: Dose | H40: 1000 | I40: =F40*H40 -> 48000 | K40: 3145 | L40: 0.05 | M40: =K40*L40 -> 157.25 | N40: =K40+M40 -> 3302.25 | P40: 45062 | R40: PO / NBF / 160523 / 25 | T40: Venkateshwara Hatcheries Ltd
A41: 33 | B41: 45060 | D41: SALMONELLA KILLED VAC | F41: 43 | G41: Dose | H41: 1000 | I41: =F41*H41 -> 43000 | K41: 2835 | L41: 0.05 | M41: =K41*L41 -> 141.75 | N41: =K41+M41 -> 2976.75 | P41: 45062 | R41: PO / NBF / 160523 / 25 | T41: Venkateshwara Hatcheries Ltd
A42: 34 | B42: 45060 | D42: VH F1C7 (FC+IC) KILLED VAC | F42: 42 | G42: Dose | H42: 1000 | I42: =F42*H42 -> 42000 | K42: 2363 | L42: 0.05 | M42: =K42*L42 -> 118.15 | N42: =K42+M42 -> 2481.15 | P42: 45062 | R42: PO / NBF / 160523 / 25 | T42: Venkateshwara Hatcheries Ltd
A43: 35 | B43: 45060 | D43: Sterile Diluent for Live Vac | F43: 50 | G43: Ml | H43: 30 | I43: =F43*H43 -> 1500 | K43: 1.75 | L43: 0.05 | M43: =K43*L43 -> 0.0875 | N43: =K43+M43 -> 1.8375 | P43: 45062 | R43: PO / NBF / 160523 / 25 | T43: Venkateshwara Hatcheries Ltd
A44: 36 | B44: 45068 | D44: TRACEMIN BB (BV Biocrop) | F44: 34 | G44: Kg | H44: 30 | I44: =F44*H44 -> 1020 | K44: 1957 | M44: =K44*L44 -> 0 | N44: =K44+M44 -> 1957 | P44: 45068 | R44: PO / NBF / 220523 / 26 | T44: B V Biocrop, Hitech Division
A45: 37 | B45: 45068 | D45: FLOXLEVO-BH (Zenex-AH) | F45: 100 | G45: Ltr | H45: 1 | I45: =F45*H45 -> 100 | K45: 965 | L45: 0.12 | M45: =K45*L45 -> 115.8 | N45: =K45+M45 -> 1080.8 | P45: 45068 | R45: PO / NBF / 220523 / 27 | T45: Crescent Marketing, Hyderabad
A46: 38 | B46: 45068 | D46: HIVIT Injection (Zenex-AH) | F46: 200 | G46: Ml | H46: 100 | I46: =F46*H46 -> 20000 | K46: 102 | L46: 0.05 | M46: =K46*L46 -> 5.1 | N46: =K46+M46 -> 107.1 | P46: 45068 | R46: PO / NBF / 220523 / 27 | T46: Crescent Marketing, Hyderabad
A47: 39 | B47: 45068 | D47: RANBAMYCIN Injection (Zenex-AH) | F47: 100 | G47: Ml | H47: 100 | I47: =F47*H47 -> 10000 | K47: 115 | L47: 0.12 | M47: =K47*L47 -> 13.8 | N47: =K47+M47 -> 128.8 | P47: 45068 | R47: PO / NBF / 220523 / 27 | T47: Crescent Marketing, Hyderabad
A48: 40 | B48: 45068 | D48: OXY-LA Injection (Zenex-AH) | F48: 1400 | G48: Ml | H48: 50 | I48: =F48*H48 -> 70000 | K48: 116 | L48: 0.05 | M48: =K48*L48 -> 5.8 | N48: =K48+M48 -> 121.8 | P48: 45068 | R48: PO / NBF / 220523 / 27 | T48: Crescent Marketing, Hyderabad
A49: 41 | B49: 45068 | D49: VENLYTE (AHP-Division) | F49: 20 | G49: Kg | H49: 5 | I49: =F49*H49 -> 100 | K49: 675 | M49: =K49*L49 -> 0 | N49: =K49+M49 -> 675 | P49: 45068 | R49: PO / NBF / 220523 / 28 | T49: Venkys India Ltd, AHP Division
A50: 42 | B50: 45061 | D50: DL Methionine (Evonik) | F50: 20 | G50: Kg | H50: 25 | I50: =F50*H50 -> 500 | K50: 4661 | L50: 0.18 | M50: =K50*L50 -> 838.98 | N50: =K50+M50 -> 5499.98 | P50: 45070 | R50: PO / NBF / 240523 / 29 | T50: Sneha Farms Pvt Ltd, Hyderabad
A51: 43 | B51: 45061 | D51: Rovimix-E 50% (DSM) | F51: 4 | G51: Kg | H51: 25 | I51: =F51*H51 -> 100 | K51: 27500 | M51: =K51*L51 -> 0 | N51: =K51+M51 -> 27500 | P51: 45070 | R51: PO / NBF / 240523 / 29 | T51: Sneha Farms Pvt Ltd, Hyderabad
A52: 44 | B52: 45061 | D52: ALPHA D3 PREMIX (Alura) | F52: 5 | G52: Kg | H52: 10 | I52: =F52*H52 -> 50 | K52: 12500 | M52: =K52*L52 -> 0 | N52: =K52+M52 -> 12500 | P52: 45072 | R52: PO / NBF / 260523 / 30 | T52: Quest Agrovest Services Pvt Ltd
A53: 45 | B53: 45078 | D53: Bioplex Poultry Pak (Alltech) | F53: 20 | G53: Kg | H53: 25 | I53: =F53*H53 -> 500 | K53: 5500 | M53: =K53*L53 -> 0 | N53: =K53+M53 -> 5500 | P53: 45078 | R53: PO / NBF / 010623 / 31 | T53: Alltech Biotechnology Pvt Ltd
A54: 46 | B54: 45078 | D54: HIM-C (Himalaya) | F54: 500 | G54: Kg | H54: 1 | I54: =F54*H54 -> 500 | K54: 135 | M54: =K54*L54 -> 0 | N54: =K54+M54 -> 135 | P54: 45078 | R54: PO / NBF / 010623 / 32 | T54: Das Drug Centre, Habra
A55: 47 | B55: 45078 | D55: RUMERIC INJECTION (Virbac) | F55: 100 | G55: Ml | H55: 100 | I55: =F55*H55 -> 10000 | K55: 227 | L55: 0.12 | M55: =K55*L55 -> 27.24 | N55: =K55+M55 -> 254.24 | P55: 45078 | R55: PO / NBF / 010623 / 32 | T55: Das Drug Centre, Habra
A56: 48 | B56: 45078 | D56: MASTERSORB (EW Nutrition) | F56: 20 | G56: Kg | H56: 25 | I56: =F56*H56 -> 500 | K56: 3200 | M56: =K56*L56 -> 0 | N56: =K56+M56 -> 3200 | P56: 45078 | R56: PO / NBF / 010623 / 33 | T56: PP & B Mart Pvt Ltd, Habra
A57: 49 | B57: 45073 | D57: STALGRO-8% (Stallen) | F57: 4 | G57: Kg | H57: 25 | I57: =F57*H57 -> 100 | K57: 16842.5 | M57: =K57*L57 -> 0 | N57: =K57+M57 -> 16842.5 | P57: 45079 | R57: PO / NBF / 020623 / 34 | T57: Stallen South Asia Pvt Ltd
A58: 50 | B58: 45061 | D58: LUTAVIT-E 50% (BASF) | F58: 4 | G58: Kg | H58: 25 | I58: =F58*H58 -> 100 | K58: 23500 | M58: =K58*L58 -> 0 | N58: =K58+M58 -> 23500 | P58: 45080 | R58: PO / NBF / 030623 / 35 | T58: Agrioma Lifesciences, Kolkata
A59: 51 | B59: 45080 | D59: AQUAAMAX (B V Biocrop) | F59: 40 | G59: Ltr | H59: 5 | I59: =F59*H59 -> 200 | K59: 457 | L59: 0.18 | M59: =K59*L59 -> 82.26 | N59: =K59+M59 -> 539.26 | P59: 45082 | R59: PO / NBF / 050623 / 36 | T59: B V Biocrop, Hitech Division
A60: 52 | B60: 45080 | D60: B-904 (BV Biocrop) | F60: 20 | G60: Ltr | H60: 5 | I60: =F60*H60 -> 100 | K60: 3273 | L60: 0.18 | M60: =K60*L60 -> 589.14 | N60: =K60+M60 -> 3862.14 | P60: 45082 | R60: PO / NBF / 050623 / 36 | T60: B V Biocrop, Hitech Division
A61: 53 | B61: 45080 | D61: SAFEGURD (B V Biocrop) | F61: 20 | G61: Ltr | H61: 5 | I61: =F61*H61 -> 100 | K61: 1138 | L61: 0.18 | M61: =K61*L61 -> 204.84 | N61: =K61+M61 -> 1342.84 | P61: 45082 | R61: PO / NBF / 050623 / 36 | T61: B V Biocrop, Hitech Division
A62: 54 | B62: 45080 | D62: ENROCIN (Zoetis) | F62: 20 | G62: Ltr | H62: 5 | I62: =F62*H62 -> 100 | K62: 2550 | L62: 0.12 | M62: =K62*L62 -> 306 | N62: =K62+M62 -> 2856 | P62: 45082 | R62: PO / NBF / 050623 / 37 | T62: Das Drug Centre, Habra
A63: 55 | B63: 45080 | D63: EKTOMIN (Elanco) | F63: 100 | G63: Ltr | H63: 1 | I63: =F63*H63 -> 100 | K63: 644 | L63: 0.12 | M63: =K63*L63 -> 77.28 | N63: =K63+M63 -> 721.28 | P63: 45082 | R63: PO / NBF / 050623 / 37 | T63: Das Drug Centre, Habra
A64: 56 | B64: 45080 | D64: FAMITONE (Zenex AH) | F64: 96 | G64: Ltr | H64: 1 | I64: =F64*H64 -> 96 | K64: 580 | M64: =K64*L64 -> 0 | N64: =K64+M64 -> 580 | P64: 45082 | R64: PO / NBF / 050623 / 37 | T64: Das Drug Centre, Habra
A65: 57 | B65: 45080 | D65: PROTEXIN WS (Elanco) | F65: 240 | G65: Gms | H65: 100 | I65: =F65*H65 -> 24000 | K65: 218.8 | M65: =K65*L65 -> 0 | N65: =K65+M65 -> 218.8 | P65: 45082 | R65: PO / NBF / 050623 / 37 | T65: Das Drug Centre, Habra
A66: 58 | B66: 45080 | D66: SELVO-BH (Alivira) | F66: 100 | G66: Ltr | H66: 1 | I66: =F66*H66 -> 100 | K66: 850 | L66: 0.12 | M66: =K66*L66 -> 102 | N66: =K66+M66 -> 952 | P66: 45082 | R66: PO / NBF / 050623 / 37 | T66: Das Drug Centre, Habra
A67: 59 | B67: 45080 | D67: TYLOMAX Injection (Intas) | F67: 50 | G67: Ml | H67: 100 | I67: =F67*H67 -> 5000 | K67: 225 | L67: 0.12 | M67: =K67*L67 -> 27 | N67: =K67+M67 -> 252 | P67: 45082 | R67: PO / NBF / 050623 / 37 | T67: Das Drug Centre, Habra
A68: 60 | B68: 45080 | D68: TAMIK Injection (TTK) | F68: 50 | G68: Ml | H68: 100 | I68: =F68*H68 -> 5000 | K68: 733 | L68: 0.05 | M68: =K68*L68 -> 36.65 | N68: =K68+M68 -> 769.65 | P68: 45082 | R68: PO / NBF / 050623 / 37 | T68: Das Drug Centre, Habra
A69: 61 | B69: 45080 | D69: URIMIN Injection (Virbac) | F69: 60 | G69: Ml | H69: 100 | I69: =F69*H69 -> 6000 | K69: 319.24 | L69: 0.12 | M69: =K69*L69 -> 38.3088 | N69: =K69+M69 -> 357.5488 | P69: 45082 | R69: PO / NBF / 050623 / 37 | T69: Das Drug Centre, Habra
A70: 62 | B70: 45080 | D70: SANEXT (Medichem Product) | F70: 10 | G70: Kg | H70: 1 | I70: =F70*H70 -> 10 | K70: 2600 | L70: 0.18 | M70: =K70*L70 -> 468 | N70: =K70+M70 -> 3068 | P70: 45082 | R70: PO / NBF / 050623 / 38 | T70: Healers Associates, Vijayawada
A71: 63 | B71: 45080 | D71: Deforce Injection (Izda Healthcare) | F71: 500 | G71: Ml | H71: 1 | I71: =F71*H71 -> 500 | K71: 75 | L71: 0.12 | M71: =K71*L71 -> 9 | N71: =K71+M71 -> 84 | P71: 45082 | R71: PO / NBF / 050623 / 39 | T71: Izda Healthcare, Ambala Cantonment
A72: 64 | B72: 45080 | D72: FLYVIN (We Care Animal Health) | F72: 100 | G72: Kg | H72: 1 | I72: =F72*H72 -> 100 | K72: 720 | M72: =K72*L72 -> 0 | N72: =K72+M72 -> 720 | P72: 45082 | R72: PO / NBF / 050623 / 40 | T72: We Care Animal Health, Bengal
A73: 65 | B73: 45083 | D73: INACTIVATED EDS VACCINE | F73: 42 | G73: Dose | H73: 1000 | I73: =F73*H73 -> 42000 | K73: 1150 | L73: 0.05 | M73: =K73*L73 -> 57.5 | N73: =K73+M73 -> 1207.5 | P73: 45084 | R73: PO / NBF / 070623 / 41 | T73: Hester Biosciences Limited
A74: 66 | B74: 45083 | D74: INACTIVATED PULLET ND (HPAI) | F74: 39 | G74: Dose | H74: 1000 | I74: =F74*H74 -> 39000 | K74: 2435.25 | L74: 0.05 | M74: =K74*L74 -> 121.7625 | N74: =K74+M74 -> 2557.0125 | P74: 45084 | R74: PO / NBF / 070623 / 41 | T74: Hester Biosciences Limited
A75: 67 | B75: 45083 | D75: IBD KILLED VAC (Venkys) | F75: 70 | G75: Dose | H75: 1000 | I75: =F75*H75 -> 70000 | K75: 896 | L75: 0.05 | M75: =K75*L75 -> 44.8 | N75: =K75+M75 -> 940.8 | P75: 45084 | R75: PO / NBF / 070623 / 42 | T75: Venkateshwara Hatcheries Ltd
A76: 68 | B76: 45083 | D76: IB ASTRO (AEIBH) KILLED VAC | F76: 42 | G76: Dose | H76: 1000 | I76: =F76*H76 -> 42000 | K76: 3255 | L76: 0.05 | M76: =K76*L76 -> 162.75 | N76: =K76+M76 -> 3417.75 | P76: 45084 | R76: PO / NBF / 070623 / 42 | T76: Venkateshwara Hatcheries Ltd
A77: 69 | B77: 45083 | D77: VH V-4K (4-Way) KILLED VAC | F77: 37 | G77: Dose | H77: 1000 | I77: =F77*H77 -> 37000 | K77: 5250 | L77: 0.05 | M77: =K77*L77 -> 262.5 | N77: =K77+M77 -> 5512.5 | P77: 45084 | R77: PO / NBF / 070623 / 42 | T77: Venkateshwara Hatcheries Ltd
A78: 70 | B78: 45096 | D78: KEMZYME-XPF (Kemin Indus.) | F78: 8 | G78: Kg | H78: 25 | I78: =F78*H78 -> 200 | K78: 6500 | M78: =K78*L78 -> 0 | N78: =K78+M78 -> 6500 | P78: 45158 | R78: PO / NBF / 200623 / 43 | T78: Kemin Industries South Asia
A79: 71 | B79: 45096 | D79: Lysine HCL (Meihua) | F79: 20 | G79: Kg | H79: 25 | I79: =F79*H79 -> 500 | K79: 3072.03 | L79: 0.18 | M79: =K79*L79 -> 552.9654 | N79: =K79+M79 -> 3624.9954 | P79: 45158 | R79: PO / NBF / 200623 / 44 | T79: Sneha Farms Pvt Ltd, Hyderabad
A80: 72 | B80: 45096 | D80: HEPATOCARE PREMIX (Varsha) | F80: 20 | G80: Kg | H80: 25 | I80: =F80*H80 -> 500 | K80: 1250 | M80: =K80*L80 -> 0 | N80: =K80+M80 -> 1250 | P80: 45158 | R80: PO / NBF / 200623 / 45 | T80: Varsha Multitech, Bangallore
A81: 73 | B81: 45099 | D81: SELCON FORTE (Zeus Biotech) | F81: 20 | G81: Kg | H81: 10 | I81: =F81*H81 -> 200 | K81: 4000 | M81: =K81*L81 -> 0 | N81: =K81+M81 -> 4000 | P81: 45099 | R81: PO / NBF / 220623 / 46 | T81: Zeus Biotech Pvt Ltd, Mysore
A82: 74 | B82: 45100 | D82: Breeder Vitamin Premix (Custom) | F82: 40 | G82: Kg | H82: 25 | I82: =F82*H82 -> 1000 | K82: 13625 | M82: =K82*L82 -> 0 | N82: =K82+M82 -> 13625 | P82: 45100 | R82: PO / NBF / 230623 / 47 | T82: Trouw Nutrition India Pvt Ltd
A83: 75 | B83: 45104 | D83: TIAMU-MED (Medichem Product) | F83: 8 | G83: Kg | H83: 25 | I83: =F83*H83 -> 200 | K83: 16875 | M83: =K83*L83 -> 0 | N83: =K83+M83 -> 16875 | P83: 45104 | R83: PO / NBF / 270623 / 48 | T83: Healers Associates, Vijayawada
A84: 76 | B84: 45113 | D84: CITRINAL (Alivira) | F84: 25 | G84: Kg | H84: 20 | I84: =F84*H84 -> 500 | K84: 3000 | M84: =K84*L84 -> 0 | N84: =K84+M84 -> 3000 | P84: 45113 | R84: PO / NBF / 060723 / 49 | T84: Alivira Animal Health Ltd
A85: 77 | B85: 45113 | D85: STODI (Natural Remedies) | F85: 12 | G85: Kg | H85: 25 | I85: =F85*H85 -> 300 | K85: 1775 | M85: =K85*L85 -> 0 | N85: =K85+M85 -> 1775 | P85: 45113 | R85: PO / NBF / 060723 / 50 | T85: Das Drug Centre, Habra
A86: 78 | B86: 45113 | D86: SALCOCHEK (Ayurvet) | F86: 12 | G86: Kg | H86: 25 | I86: =F86*H86 -> 300 | K86: 3200 | L86: 0.12 | M86: =K86*L86 -> 384 | N86: =K86+M86 -> 3584 | P86: 45113 | R86: PO / NBF / 060723 / 51 | T86: Sai Kiran Medical Agencies
A87: 79 | B87: 45113 | D87: VES CHOL 60% (Vesper) | F87: 50 | G87: Kg | H87: 20 | I87: =F87*H87 -> 1000 | K87: 1800 | M87: =K87*L87 -> 0 | N87: =K87+M87 -> 1800 | P87: 45113 | R87: PO / NBF / 060723 / 52 | T87: Ves Spa, Barasat, West Bengal
A88: 80 | B88: 45118 | D88: ALPHA D-3 PREVIT (Chembond) | F88: 4 | G88: Kg | H88: 25 | I88: =F88*H88 -> 100 | K88: 19750 | M88: =K88*L88 -> 0 | N88: =K88+M88 -> 19750 | P88: 45118 | R88: PO / NBF / 110723 / 53 | T88: ABP Enterprises, W. Bengal
A89: 81 | B89: 45124 | D89: OVASTIM (Izda Healthcare) | F89: 500 | G89: Ml | H89: 1 | I89: =F89*H89 -> 500 | K89: 400 | M89: =K89*L89 -> 0 | N89: =K89+M89 -> 400 | P89: 45124 | R89: PO / NBF / 170723 / 54 | T89: Izda Healthcare, Ambala Cantonment
A90: 82 | B90: 45124 | D90: STALGRO-8% (Stallen) | F90: 8 | G90: Kg | H90: 25 | I90: =F90*H90 -> 200 | K90: 16842.5 | M90: =K90*L90 -> 0 | N90: =K90+M90 -> 16842.5 | P90: 45124 | R90: PO / NBF / 170723 / 55 | T90: Stallen South Asia Pvt Ltd
A91: 83 | B91: 45136 | D91: MASTERSORB (EW Nutrition) | F91: 20 | G91: Kg | H91: 25 | I91: =F91*H91 -> 500 | K91: 3200 | M91: =K91*L91 -> 0 | N91: =K91+M91 -> 3200 | P91: 45136 | R91: PO / NBF / 290723 / 56 | T91: PP & B Mart Pvt Ltd, Habra
A92: 84 | B92: 45140 | D92: VOLAMEL (Nukamel) | F92: 20 | G92: Kg | H92: 25 | I92: =F92*H92 -> 500 | K92: 14250 | M92: =K92*L92 -> 0 | N92: =K92+M92 -> 14250 | P92: 45140 | R92: PO / NBF / 020823 / 57 | T92: APC Nutrients Limited
A93: 85 | B93: 45139 | D93: Deforce Injection (Izda Healthcare) | F93: 500 | G93: Ml | H93: 1 | I93: =F93*H93 -> 500 | K93: 75 | L93: 0.12 | M93: =K93*L93 -> 9 | N93: =K93+M93 -> 84 | P93: 45140 | R93: PO / NBF / 020823 / 58 | T93: Izda Healthcare, Ambala Cantonment
A94: 86 | B94: 45139 | D94: FLYVIN (We Care Animal Health) | F94: 100 | G94: Kg | H94: 1 | I94: =F94*H94 -> 100 | K94: 720 | M94: =K94*L94 -> 0 | N94: =K94+M94 -> 720 | P94: 45140 | R94: PO / NBF / 020823 / 59 | T94: We Care Animal Health, Bengal
A95: 87 | B95: 45146 | D95: DL Methionine (Evonik) | F95: 20 | G95: Kg | H95: 25 | I95: =F95*H95 -> 500 | K95: 4533.9 | L95: 0.18 | M95: =K95*L95 -> 816.102 | N95: =K95+M95 -> 5350.002 | P95: 45148 | R95: PO / NBF / 100823 / 60 | T95: Sneha Farms Pvt Ltd, Hyderabad
A96: 88 | B96: 45146 | D96: HEPATOCARE PREMIX (Varsha) | F96: 20 | G96: Kg | H96: 25 | I96: =F96*H96 -> 500 | K96: 1250 | M96: =K96*L96 -> 0 | N96: =K96+M96 -> 1250 | P96: 45148 | R96: PO / NBF / 100823 / 61 | T96: Varsha Multitech, Bangallore
A97: 89 | B97: VERBAL | D97: PROTEXIN WS (Elanco) | F97: 120 | G97: Gms | H97: 100 | I97: =F97*H97 -> 12000 | K97: 225 | M97: =K97*L97 -> 0 | N97: =K97+M97 -> 225 | P97: 45149 | R97: PO / NBF / 110823 / 62 | T97: Shwetha Enterprises, Hyderabad
A98: 90 | B98: 45139 | D98: PROTEXIN WS (Elanco) | F98: 360 | G98: Gms | H98: 100 | I98: =F98*H98 -> 36000 | K98: 225 | M98: =K98*L98 -> 0 | N98: =K98+M98 -> 225 | P98: 45152 | R98: PO / NBF / 140823 / 63 | T98: Shwetha Enterprises, Hyderabad
A99: 91 | B99: 45152 | D99: Bioplex Poultry Pak (Alltech) | F99: 20 | G99: Kg | H99: 25 | I99: =F99*H99 -> 500 | K99: 5500 | M99: =K99*L99 -> 0 | N99: =K99+M99 -> 5500 | P99: 45152 | R99: PO / NBF / 140823 / 64 | T99: Alltech Biotechnology Pvt Ltd
A100: 92 | B100: 45152 | D100: TRACEMIN BB (BV Biocrop) | F100: 17 | G100: Kg | H100: 30 | I100: =F100*H100 -> 510 | K100: 1957 | M100: =K100*L100 -> 0 | N100: =K100+M100 -> 1957 | P100: 45152 | R100: PO / NBF / 140823 / 65 | T100: B V Biocrop, Hitech Division
A101: 93 | B101: 45152 | D101: HIM-C (Himalaya) | F101: 500 | G101: Kg | H101: 1 | I101: =F101*H101 -> 500 | K101: 135 | M101: =K101*L101 -> 0 | N101: =K101+M101 -> 135 | P101: 45152 | R101: PO / NBF / 140823 / 66 | T101: Das Drug Centre, Habra
A102: 94 | B102: 45152 | D102: PROTEXIN WS (Elanco) | F102: 120 | G102: Gms | H102: 100 | I102: =F102*H102 -> 12000 | K102: 218.8 | M102: =K102*L102 -> 0 | N102: =K102+M102 -> 218.8 | P102: 45152 | R102: PO / NBF / 140823 / 66 | T102: Das Drug Centre, Habra
A103: 95 | B103: 45152 | D103: CLOSTAT-365 / 12 (Kemin Indus) | F103: 8 | G103: Kg | H103: 25 | I103: =F103*H103 -> 200 | K103: 12500 | M103: =K103*L103 -> 0 | N103: =K103+M103 -> 12500 | P103: 45152 | R103: PO / NBF / 140823 / 67 | T103: Kemin Industries South Asia
A104: 96 | B104: 45161 | D104: SAFEGARD (B V Biocrop) | F104: 12 | G104: Ltr | H104: 5 | I104: =F104*H104 -> 60 | K104: 1138 | L104: 0.18 | M104: =K104*L104 -> 204.84 | N104: =K104+M104 -> 1342.84 | P104: 45162 | R104: PO / NBF / 240823 / 68 | T104: B V Biocrop, Hitech Division
A105: 97 | B105: 45161 | D105: VACCSURE 20 Gms (B V Biocrop) | F105: 4 | G105: Pcs | H105: 50 | I105: =F105*H105 -> 200 | K105: 3188 | M105: =K105*L105 -> 0 | N105: =K105+M105 -> 3188 | P105: 45162 | R105: PO / NBF / 240823 / 68 | T105: B V Biocrop, Hitech Division
...

Sheet Account Details Apr23-Mar24
B3: NBF | E3: ORDER DETAILS AS PER INDENT OF NARAENDRA BREEDING FARMS | S3: Update as on 30.03.2024
B5: INDENT | D5: HITECH BREEDING FARMS | F5: D E T A I L S A B O U T I T E M | K5: D E T A I L S A B O U T O R D E R | P5: D E T A I L S A B O U T P A Y M E N T
B7: PURCHASE ORDER DATE | D7: NAME OF SUPPLIER | F7: ITEM DESCRIPTION | H7: UOM | I7: OREDR QTY | K7: PO DATE & PO NO | N7: Payable Amount | P7: GRN DATE | Q7: GRN NO | R7: CR LIMIT | S7: PAYMENT SCHEDULE | T7: DATE OF PAYMENT | U7: PAYMENT AMOUNT
P8: mm/dd/yy | T8: mm/dd/yy
A9: 1 | B9: =+'Order Details Apr23-Mar24'!P9 -> 45022 | D9: =+'Order Details Apr23-Mar24'!T9 -> APC Nutrients Limited | F9: =+'Order Details Apr23-Mar24'!D9 -> VOLAMEL (Nukamel) | H9: =+'Order Details Apr23-Mar24'!G9 -> Kg | I9: =+'Order Details Apr23-Mar24'!I9 -> 500 | K9: =+'Order Details Apr23-Mar24'!R9 -> PO / NBF / 060423 / 01 | N9: =+'Order Details Apr23-Mar24'!F9*'Order Details Apr23-Mar24'!N9 -> 285000 | Q9: 7 | S9: =P9+R9 -> 0
A10: 2 | B10: =+'Order Details Apr23-Mar24'!P10 -> 45022 | D10: =+'Order Details Apr23-Mar24'!T10 -> Das Drug Centre, Habra | F10: =+'Order Details Apr23-Mar24'!D10 -> MG BAC KILLED VAC (Zoetis) | H10: =+'Order Details Apr23-Mar24'!G10 -> Dose | I10: =+'Order Details Apr23-Mar24'!I10 -> 22000 | K10: =+'Order Details Apr23-Mar24'!R10 -> PO / NBF / 060423 / 02 | N10: =+'Order Details Apr23-Mar24'!F10*'Order Details Apr23-Mar24'!N10 -> 153615 | Q10: 45 | S10: =P10+R10 -> 0
A11: 3 | B11: =+'Order Details Apr23-Mar24'!P11 -> 45022 | D11: =+'Order Details Apr23-Mar24'!T11 -> PP & B Mart Pvt Ltd, Habra | F11: =+'Order Details Apr23-Mar24'!D11 -> MASTERSORB (EW Nutrition) | H11: =+'Order Details Apr23-Mar24'!G11 -> Kg | I11: =+'Order Details Apr23-Mar24'!I11 -> 500 | K11: =+'Order Details Apr23-Mar24'!R11 -> PO / NBF / 060423 / 03 | N11: =+'Order Details Apr23-Mar24'!F11*'Order Details Apr23-Mar24'!N11 -> 64000 | Q11: 45 | S11: =P11+R11 -> 0
A12: 4 | B12: =+'Order Details Apr23-Mar24'!P12 -> 45022 | D12: =+'Order Details Apr23-Mar24'!T12 -> Venkateshwara Hatcheries Ltd | F12: =+'Order Details Apr23-Mar24'!D12 -> ND KILLED (Visa-15) VAC | H12: =+'Order Details Apr23-Mar24'!G12 -> Dose | I12: =+'Order Details Apr23-Mar24'!I12 -> 44000 | K12: =+'Order Details Apr23-Mar24'!R12 -> PO / NBF / 060423 / 04 | N12: =+'Order Details Apr23-Mar24'!F12*'Order Details Apr23-Mar24'!N12 -> 47355 | Q12: 45 | S12: =P12+R12 -> 0
A13: 5 | B13: =+'Order Details Apr23-Mar24'!P13 -> 45024 | D13: =+'Order Details Apr23-Mar24'!T13 -> Alivira Animal Health Ltd | F13: =+'Order Details Apr23-Mar24'!D13 -> TRITYL - 62.5 (Alivira) | H13: =+'Order Details Apr23-Mar24'!G13 -> Gms | I13: =+'Order Details Apr23-Mar24'!I13 -> 12800 | K13: =+'Order Details Apr23-Mar24'!R13 -> PO / NBF / 080423 / 05 | N13: =+'Order Details Apr23-Mar24'!F13*'Order Details Apr23-Mar24'!N13 -> 306432 | Q13: 45 | S13: =P13+R13 -> 0
A14: 6 | B14: =+'Order Details Apr23-Mar24'!P14 -> 45024 | D14: =+'Order Details Apr23-Mar24'!T14 -> B V Biocrop, Hitech Division | F14: =+'Order Details Apr23-Mar24'!D14 -> BIO BUSTER PLUS (B V Biocrop) | H14: =+'Order Details Apr23-Mar24'!G14 -> Gms | I14: =+'Order Details Apr23-Mar24'!I14 -> 30000 | K14: =+'Order Details Apr23-Mar24'!R14 -> PO / NBF / 080423 / 06 | N14: =+'Order Details Apr23-Mar24'!F14*'Order Details Apr23-Mar24'!N14 -> 28674 | Q14: 45 | S14: =P14+R14 -> 0
A15: 7 | B15: =+'Order Details Apr23-Mar24'!P15 -> 45024 | D15: =+'Order Details Apr23-Mar24'!T15 -> Das Drug Centre, Habra | F15: =+'Order Details Apr23-Mar24'!D15 -> BAYROCIN (Elanco) | H15: =+'Order Details Apr23-Mar24'!G15 -> Ltr | I15: =+'Order Details Apr23-Mar24'!I15 -> 100 | K15: =+'Order Details Apr23-Mar24'!R15 -> PO / NBF / 080423 / 07 | N15: =+'Order Details Apr23-Mar24'!F15*'Order Details Apr23-Mar24'!N15 -> 65254 | Q15: 45 | S15: =P15+R15 -> 0
A16: 8 | B16: =+'Order Details Apr23-Mar24'!P16 -> 45024 | D16: =+'Order Details Apr23-Mar24'!T16 -> Das Drug Centre, Habra | F16: =+'Order Details Apr23-Mar24'!D16 -> EKTOMIN (Elanco) | H16: =+'Order Details Apr23-Mar24'!G16 -> Ltr | I16: =+'Order Details Apr23-Mar24'!I16 -> 50 | K16: =+'Order Details Apr23-Mar24'!R16 -> PO / NBF / 080423 / 07 | N16: =+'Order Details Apr23-Mar24'!F16*'Order Details Apr23-Mar24'!N16 -> 33600 | Q16: 45 | S16: =P16+R16 -> 0
A17: 9 | B17: =+'Order Details Apr23-Mar24'!P17 -> 45024 | D17: =+'Order Details Apr23-Mar24'!T17 -> Das Drug Centre, Habra | F17: =+'Order Details Apr23-Mar24'!D17 -> FAMITONE (Zenex AH) | H17: =+'Order Details Apr23-Mar24'!G17 -> Ltr | I17: =+'Order Details Apr23-Mar24'!I17 -> 60 | K17: =+'Order Details Apr23-Mar24'!R17 -> PO / NBF / 080423 / 07 | N17: =+'Order Details Apr23-Mar24'!F17*'Order Details Apr23-Mar24'!N17 -> 34800 | Q17: 45 | S17: =P17+R17 -> 0
A18: 10 | B18: =+'Order Details Apr23-Mar24'!P18 -> 45030 | D18: =+'Order Details Apr23-Mar24'!T18 -> Hester Biosciences Limited | F18: =+'Order Details Apr23-Mar24'!D18 -> INACTIVATED ND (LPAI) | H18: =+'Order Details Apr23-Mar24'!G18 -> Dose | I18: =+'Order Details Apr23-Mar24'!I18 -> 70000 | K18: =+'Order Details Apr23-Mar24'!R18 -> PO / NBF / 140423 / 08 | N18: =+'Order Details Apr23-Mar24'!F18*'Order Details Apr23-Mar24'!N18 -> 66332.28 | Q18: 45 | S18: =P18+R18 -> 0
A19: 11 | B19: =+'Order Details Apr23-Mar24'!P19 -> 45033 | D19: =+'Order Details Apr23-Mar24'!T19 -> Healers Associates, Vijayawada | F19: =+'Order Details Apr23-Mar24'!D19 -> SPERMED (Medichem Product) | H19: =+'Order Details Apr23-Mar24'!G19 -> Kg | I19: =+'Order Details Apr23-Mar24'!I19 -> 30 | K19: =+'Order Details Apr23-Mar24'!R19 -> PO / NBF / 170423 / 09 | N19: =+'Order Details Apr23-Mar24'!F19*'Order Details Apr23-Mar24'!N19 -> 105000 | Q19: 45 | S19: =P19+R19 -> 0
A20: 12 | B20: =+'Order Details Apr23-Mar24'!P20 -> 45033 | D20: =+'Order Details Apr23-Mar24'!T20 -> Huve Pharma Sea Pune Pvt Ltd | F20: =+'Order Details Apr23-Mar24'!D20 -> BIO D - 100 (Huvepharma) | H20: =+'Order Details Apr23-Mar24'!G20 -> Kg | I20: =+'Order Details Apr23-Mar24'!I20 -> 400 | K20: =+'Order Details Apr23-Mar24'!R20 -> PO / NBF / 170423 / 10 | N20: =+'Order Details Apr23-Mar24'!F20*'Order Details Apr23-Mar24'!N20 -> 640000 | Q20: 45 | S20: =P20+R20 -> 0
... A23: 15 | B23: =+'Order Details Apr23-Mar24'!P23 -> 45036 | D23: =+'Order Details Apr23-Mar24'!T23 -> Venkateshwara Hatcheries Ltd | F23: =+'Order Details Apr23-Mar24'!D23 -> ND KILLED (Visa-15) VAC | H23: =+'Order Details Apr23-Mar24'!G23 -> Dose | I23: =+'Order Details Apr23-Mar24'!I23 -> 49000 | K23: =+'Order Details Apr23-Mar24'!R23 -> PO / NBF / 200423 / 13 | N23: =+'Order Details Apr23-Mar24'!F23*'Order Details Apr23-Mar24'!N23 -> 52736.25 | Q23: 45 | S23: =P23+R23 -> 0
A24: 16 | B24: =+'Order Details Apr23-Mar24'!P24 -> 45040 | D24: =+'Order Details Apr23-Mar24'!T24 -> Stallen South Asia Pvt Ltd | F24: =+'Order Details Apr23-Mar24'!D24 -> FORLUTIN-10% (Stallen) | H24: =+'Order Details Apr23-Mar24'!G24 -> Kg | I24: =+'Order Details Apr23-Mar24'!I24 -> 200 | K24: =+'Order Details Apr23-Mar24'!R24 -> PO / NBF / 240423 / 14 | N24: =+'Order Details Apr23-Mar24'!F24*'Order Details Apr23-Mar24'!N24 -> 141000 | P24: CANCELLED | Q24: 45 | S24: =P24+R24 -> #VALUE!
A25: 17 | B25: =+'Order Details Apr23-Mar24'!P25 -> 45040 | D25: =+'Order Details Apr23-Mar24'!T25 -> Varsha Multitech, Bangallore | F25: =+'Order Details Apr23-Mar24'!D25 -> HEPATOCARE PREMIX (Varsha) | H25: =+'Order Details Apr23-Mar24'!G25 -> Kg | I25: =+'Order Details Apr23-Mar24'!I25 -> 500 | K25: =+'Order Details Apr23-Mar24'!R25 -> PO / NBF / 240423 / 15 | N25: =+'Order Details Apr23-Mar24'!F25*'Order Details Apr23-Mar24'!N25 -> 25000 | Q25: 45 | S25: =P25+R25 -> 0
A26: 18 | B26: =+'Order Details Apr23-Mar24'!P26 -> 45041 | D26: =+'Order Details Apr23-Mar24'!T26 -> Healers Associates, Vijayawada | F26: =+'Order Details Apr23-Mar24'!D26 -> TIAMU-MED (Medichem Product) | H26: =+'Order Details Apr23-Mar24'!G26 -> Kg | I26: =+'Order Details Apr23-Mar24'!I26 -> 200 | K26: =+'Order Details Apr23-Mar24'!R26 -> PO / NBF / 250423 / 16 | N26: =+'Order Details Apr23-Mar24'!F26*'Order Details Apr23-Mar24'!N26 -> 135000 | Q26: 45 | S26: =P26+R26 -> 0
A27: 19 | B27: =+'Order Details Apr23-Mar24'!P27 -> 45045 | D27: =+'Order Details Apr23-Mar24'!T27 -> Sai Kiran Medical Agencies | F27: =+'Order Details Apr23-Mar24'!D27 -> SALCOCHEK (Ayurvet) | H27: =+'Order Details Apr23-Mar24'!G27 -> Kg | I27: =+'Order Details Apr23-Mar24'!I27 -> 200 | K27: =+'Order Details Apr23-Mar24'!R27 -> PO / NBF / 290423 / 17 | N27: =+'Order Details Apr23-Mar24'!F27*'Order Details Apr23-Mar24'!N27 -> 28672 | Q27: 45 | S27: =P27+R27 -> 0
A28: 20 | B28: =+'Order Details Apr23-Mar24'!P28 -> 45050 | D28: =+'Order Details Apr23-Mar24'!T28 -> Trouw Nutrition India Pvt Ltd | F28: =+'Order Details Apr23-Mar24'!D28 -> Breeder Vitamin Premix (Custom) | H28: =+'Order Details Apr23-Mar24'!G28 -> Kg | I28: =+'Order Details Apr23-Mar24'!I28 -> 500 | K28: =+'Order Details Apr23-Mar24'!R28 -> PO / NBF / 040523 / 18 | N28: =+'Order Details Apr23-Mar24'!F28*'Order Details Apr23-Mar24'!N28 -> 292500 | Q28: 45 | S28: =P28+R28 -> 0
A29: 21 | B29: =+'Order Details Apr23-Mar24'!P29 -> 45054 | D29: =+'Order Details Apr23-Mar24'!T29 -> Tara Enterprises, Hyderabad | F29: =+'Order Details Apr23-Mar24'!D29 -> Hipraviar Clon H-120 (Hipra) | H29: =+'Order Details Apr23-Mar24'!G29 -> Dose | I29: =+'Order Details Apr23-Mar24'!I29 -> 250000 | K29: =+'Order Details Apr23-Mar24'!R29 -> PO / NBF / 080523 / 19 | N29: =+'Order Details Apr23-Mar24'!F29*'Order Details Apr23-Mar24'!N29 -> 57750 | Q29: 45 | S29: =P29+R29 -> 0
A30: 22 | B30: =+'Order Details Apr23-Mar24'!P30 -> 45057 | D30: =+'Order Details Apr23-Mar24'!T30 -> Kemin Industries South Asia | F30: =+'Order Details Apr23-Mar24'!D30 -> CLOSTAT-365 / 12 (Kemin Indus) | H30: =+'Order Details Apr23-Mar24'!G30 -> Kg | I30: =+'Order Details Apr23-Mar24'!I30 -> 200 | K30: =+'Order Details Apr23-Mar24'!R30 -> PO / NBF / 110523 / 20 | N30: =+'Order Details Apr23-Mar24'!F30*'Order Details Apr23-Mar24'!N30 -> 100000 | Q30: 45 | S30: =P30+R30 -> 0
A31: 23 | B31: =+'Order Details Apr23-Mar24'!P31 -> 45061 | D31: =+'Order Details Apr23-Mar24'!T31 -> Alivira Animal Health Ltd | F31: =+'Order Details Apr23-Mar24'!D31 -> CITRINAL (Alivira) | H31: =+'Order Details Apr23-Mar24'!G31 -> Kg | I31: =+'Order Details Apr23-Mar24'!I31 -> 500 | K31: =+'Order Details Apr23-Mar24'!R31 -> PO / NBF / 150523 / 21 | N31: =+'Order Details Apr23-Mar24'!F31*'Order Details Apr23-Mar24'!N31 -> 75000 | Q31: 45 | S31: =P31+R31 -> 0
A32: 24 | B32: =+'Order Details Apr23-Mar24'!P32 -> 45060 | D32: =+'Order Details Apr23-Mar24'!T32 -> Hester Biosciences Limited | F32: =+'Order Details Apr23-Mar24'!D32 -> ILT(GI- 10000) Live Vaccine | H32: =+'Order Details Apr23-Mar24'!G32 -> Dose | I32: =+'Order Details Apr23-Mar24'!I32 -> 42000 | K32: =+'Order Details Apr23-Mar24'!R32 -> PO / NBF / 150523 / 22 | N32: =+'Order Details Apr23-Mar24'!F32*'Order Details Apr23-Mar24'!N32 -> 66150 | Q32: 45 | S32: =P32+R32 -> 0
A33: 25 | B33: =+'Order Details Apr23-Mar24'!P33 -> 45061 | D33: =+'Order Details Apr23-Mar24'!T33 -> Sapience Agribusiness Cons LLP | F33: =+'Order Details Apr23-Mar24'!D33 -> ALPHA D3 PREMIX (Alura) | H33: =+'Order Details Apr23-Mar24'!G33 -> Kg | I33: =+'Order Details Apr23-Mar24'!I33 -> 120 | K33: =+'Order Details Apr23-Mar24'!R33 -> PO / NBF / 150523 / 23 | N33: =+'Order Details Apr23-Mar24'!F33*'Order Details Apr23-Mar24'!N33 -> 105600 | Q33: 45 | S33: =P33+R33 -> 0
A34: 26 | B34: =+'Order Details Apr23-Mar24'!P34 -> 45061 | D34: =+'Order Details Apr23-Mar24'!T34 -> Tara Enterprises, Hyderabad | F34: =+'Order Details Apr23-Mar24'!D34 -> Hipraviar Clone-79 (Hipra) | H34: =+'Order Details Apr23-Mar24'!G34 -> Dose | I34: =+'Order Details Apr23-Mar24'!I34 -> 50000 | K34: =+'Order Details Apr23-Mar24'!R34 -> PO / NBF / 150523 / 24 | N34: =+'Order Details Apr23-Mar24'!F34*'Order Details Apr23-Mar24'!N34 -> 6216 | Q34: 45 | S34: =P34+R34 -> 0
A35: 27 | B35: =+'Order Details Apr23-Mar24'!P35 -> 45061 | D35: =+'Order Details Apr23-Mar24'!T35 -> Tara Enterprises, Hyderabad | F35: =+'Order Details Apr23-Mar24'!D35 -> Hipraviar Clon H-120 (Hipra) | H35: =+'Order Details Apr23-Mar24'!G35 -> Dose | I35: =+'Order Details Apr23-Mar24'!I35 -> 100000 | K35: =+'Order Details Apr23-Mar24'!R35 -> PO / NBF / 150523 / 24 | N35: =+'Order Details Apr23-Mar24'!F35*'Order Details Apr23-Mar24'!N35 -> 23100 | Q35: 45 | S35: =P35+R35 -> 0
A36: 28 | B36: =+'Order Details Apr23-Mar24'!P36 -> 45062 | D36: =+'Order Details Apr23-Mar24'!T36 -> Venkateshwara Hatcheries Ltd | F36: =+'Order Details Apr23-Mar24'!D36 -> Fowl Pox Live Vaccine (Venkys) | H36: =+'Order Details Apr23-Mar24'!G36 -> Dose | I36: =+'Order Details Apr23-Mar24'!I36 -> 45000 | K36: =+'Order Details Apr23-Mar24'!R36 -> PO / NBF / 160523 / 25 | N36: =+'Order Details Apr23-Mar24'!F36*'Order Details Apr23-Mar24'!N36 -> 5906.25 | Q36: 45 | S36: =P36+R36 -> 0
... A133: 125 | B133: =+'Order Details Apr23-Mar24'!P133 -> 45194 | D133: =+'Order Details Apr23-Mar24'!T133 -> Das Drug Centre, Habra | F133: =+'Order Details Apr23-Mar24'!D133 -> HIM-C (Himalaya) | H133: =+'Order Details Apr23-Mar24'!G133 -> Kg | I133: =+'Order Details Apr23-Mar24'!I133 -> 500 | K133: =+'Order Details Apr23-Mar24'!R133 -> PO / NBF / 250923 / 90 | N133: =+'Order Details Apr23-Mar24'!F133*'Order Details Apr23-Mar24'!N133 -> 67500 | Q133: 45 | S133: =P133+R133 -> 0
A134: 126 | B134: =+'Order Details Apr23-Mar24'!P134 -> 45198 | D134: =+'Order Details Apr23-Mar24'!T134 -> Stallen South Asia Pvt Ltd | F134: =+'Order Details Apr23-Mar24'!D134 -> FORLUTIN 10% (Stallen) | H134: =+'Order Details Apr23-Mar24'!G134 -> Kg | I134: =+'Order Details Apr23-Mar24'!I134 -> 300 | K134: =+'Order Details Apr23-Mar24'!R134 -> PO / NBF / 290923 / 91 | N134: =+'Order Details Apr23-Mar24'!F134*'Order Details Apr23-Mar24'!N134 -> 211500 | P134: CANCELLED | Q134: 45 | S134: =P134+R134 -> #VALUE!
A135: 127 | B135: =+'Order Details Apr23-Mar24'!P135 -> 45198 | D135: =+'Order Details Apr23-Mar24'!T135 -> Varsha Multitech, Bangallore | F135: =+'Order Details Apr23-Mar24'!D135 -> HEPATOCARE PREMIX (Varsha) | H135: =+'Order Details Apr23-Mar24'!G135 -> Kg | I135: =+'Order Details Apr23-Mar24'!I135 -> 500 | K135: =+'Order Details Apr23-Mar24'!R135 -> PO / NBF / 290923 / 92 | N135: =+'Order Details Apr23-Mar24'!F135*'Order Details Apr23-Mar24'!N135 -> 25000 | Q135: 45 | S135: =P135+R135 -> 0
A136: 128 | B136: =+'Order Details Apr23-Mar24'!P136 -> 45198 | D136: =+'Order Details Apr23-Mar24'!T136 -> Ves Spa, Barasat, West Bengal | F136: =+'Order Details Apr23-Mar24'!D136 -> VES CHOL 60% (Vesper) | H136: =+'Order Details Apr23-Mar24'!G136 -> Kg | I136: =+'Order Details Apr23-Mar24'!I136 -> 1000 | K136: =+'Order Details Apr23-Mar24'!R136 -> PO / NBF / 290923 / 93 | N136: =+'Order Details Apr23-Mar24'!F136*'Order Details Apr23-Mar24'!N136 -> 90000 | Q136: 45 | S136: =P136+R136 -> 0
A137: 129 | B137: =+'Order Details Apr23-Mar24'!P137 -> 45198 | D137: =+'Order Details Apr23-Mar24'!T137 -> Zeus Biotech Pvt Ltd, Mysore | F137: =+'Order Details Apr23-Mar24'!D137 -> SELCON FORTE (Zeus Biotech) | H137: =+'Order Details Apr23-Mar24'!G137 -> Kg | I137: =+'Order Details Apr23-Mar24'!I137 -> 150 | K137: =+'Order Details Apr23-Mar24'!R137 -> PO / NBF / 290923 / 94 | N137: =+'Order Details Apr23-Mar24'!F137*'Order Details Apr23-Mar24'!N137 -> 60000 | Q137: 45 | S137: =P137+R137 -> 0
A138: 130 | B138: =+'Order Details Apr23-Mar24'!P138 -> 45198 | D138: =+'Order Details Apr23-Mar24'!T138 -> Healers Associates, Vijayawada | F138: =+'Order Details Apr23-Mar24'!D138 -> TIAMU-MED (Medichem Product) | H138: =+'Order Details Apr23-Mar24'!G138 -> Kg | I138: =+'Order Details Apr23-Mar24'!I138 -> 300 | K138: =+'Order Details Apr23-Mar24'!R138 -> PO / NBF / 290923 / 95 | N138: =+'Order Details Apr23-Mar24'!F138*'Order Details Apr23-Mar24'!N138 -> 202500 | Q138: 45 | S138: =P138+R138 -> 0
A139: 131 | B139: =+'Order Details Apr23-Mar24'!P139 -> 45204 | D139: =+'Order Details Apr23-Mar24'!T139 -> Venkys India Ltd, AHP Division | F139: =+'Order Details Apr23-Mar24'!D139 -> TRACEMIN BB (BV Biocrop) | H139: =+'Order Details Apr23-Mar24'!G139 -> Kg | I139: =+'Order Details Apr23-Mar24'!I139 -> 1020 | K139: =+'Order Details Apr23-Mar24'!R139 -> PO / NBF / 051023 / 96 | N139: =+'Order Details Apr23-Mar24'!F139*'Order Details Apr23-Mar24'!N139 -> 66538 | Q139: 45 | S139: =P139+R139 -> 0
A140: 132 | B140: =+'Order Details Apr23-Mar24'!P140 -> 45204 | D140: =+'Order Details Apr23-Mar24'!T140 -> Das Drug Centre, Habra | F140: =+'Order Details Apr23-Mar24'!D140 -> LIV-52 PROTEC (Himalaya) | H140: =+'Order Details Apr23-Mar24'!G140 -> Ltr | I140: =+'Order Details Apr23-Mar24'!I140 -> 100 | K140: =+'Order Details Apr23-Mar24'!R140 -> PO / NBF / 051023 / 97 | N140: =+'Order Details Apr23-Mar24'!F140*'Order Details Apr23-Mar24'!N140 -> 9900 | Q140: 45 | S140: =P140+R140 -> 0
A141: 133 | B141: =+'Order Details Apr23-Mar24'!P141 -> 45204 | D141: =+'Order Details Apr23-Mar24'!T141 -> Das Drug Centre, Habra | F141: =+'Order Details Apr23-Mar24'!D141 -> TYLOMAX Injection (Intas) | H141: =+'Order Details Apr23-Mar24'!G141 -> Ml | I141: =+'Order Details Apr23-Mar24'!I141 -> 10000 | K141: =+'Order Details Apr23-Mar24'!R141 -> PO / NBF / 051023 / 97 | N141: =+'Order Details Apr23-Mar24'!F141*'Order Details Apr23-Mar24'!N141 -> 25200 | Q141: 45 | S141: =P141+R141 -> 0
A142: 134 | B142: =+'Order Details Apr23-Mar24'!P142 -> 45204 | D142: =+'Order Details Apr23-Mar24'!T142 -> Das Drug Centre, Habra | F142: =+'Order Details Apr23-Mar24'!D142 -> Urimin Injection (Virbac) | H142: =+'Order Details Apr23-Mar24'!G142 -> Ml | I142: =+'Order Details Apr23-Mar24'!I142 -> 10000 | K142: =+'Order Details Apr23-Mar24'!R142 -> PO / NBF / 051023 / 97 | N142: =+'Order Details Apr23-Mar24'!F142*'Order Details Apr23-Mar24'!N142 -> 35754.88 | Q142: 45 | S142: =P142+R142 -> 0
A143: 135 | B143: =+'Order Details Apr23-Mar24'!P143 -> 45204 | D143: =+'Order Details Apr23-Mar24'!T143 -> Izda Healthcare, Ambala Cantonment | F143: =+'Order Details Apr23-Mar24'!D143 -> Deforce Injection (Izda Healthcare) | H143: =+'Order Details Apr23-Mar24'!G143 -> Ml | I143: =+'Order Details Apr23-Mar24'!I143 -> 500 | K143: =+'Order Details Apr23-Mar24'!R143 -> PO / NBF / 051023 / 98 | N143: =+'Order Details Apr23-Mar24'!F143*'Order Details Apr23-Mar24'!N143 -> 42000 | Q143: 45 | S143: =P143+R143 -> 0
A144: 136 | B144: =+'Order Details Apr23-Mar24'!P144 -> 45204 | D144: =+'Order Details Apr23-Mar24'!T144 -> Tara Enterprises, Hyderabad | F144: =+'Order Details Apr23-Mar24'!D144 -> Hipraviar Clon H-120 (Hipra) | H144: =+'Order Details Apr23-Mar24'!G144 -> Dose | I144: =+'Order Details Apr23-Mar24'!I144 -> 150000 | K144: =+'Order Details Apr23-Mar24'!R144 -> PO / NBF / 051023 / 99 | N144: =+'Order Details Apr23-Mar24'!F144*'Order Details Apr23-Mar24'!N144 -> 34650 | Q144: 45 | S144: =P144+R144 -> 0
A145: 137 | B145: =+'Order Details Apr23-Mar24'!P145 -> 45204 | D145: =+'Order Details Apr23-Mar24'!T145 -> We Care Animal Health, Bengal | F145: =+'Order Details Apr23-Mar24'!D145 -> FLYVIN (We Care Animal Health) | H145: =+'Order Details Apr23-Mar24'!G145 -> Kg | I145: =+'Order Details Apr23-Mar24'!I145 -> 100 | K145: =+'Order Details Apr23-Mar24'!R145 -> PO / NBF / 051023 / 100 | N145: =+'Order Details Apr23-Mar24'!F145*'Order Details Apr23-Mar24'!N145 -> 72000 | Q145: 45 | S145: =P145+R145 -> 0
A146: 138 | B146: =+'Order Details Apr23-Mar24'!P146 -> 45211 | D146: =+'Order Details Apr23-Mar24'!T146 -> Novus Animal Nutrition India Ltd | F146: =+'Order Details Apr23-Mar24'!D146 -> POULTRY TMO PLUS | H146: =+'Order Details Apr23-Mar24'!G146 -> Kg | I146: =+'Order Details Apr23-Mar24'!I146 -> 500 | K146: =+'Order Details Apr23-Mar24'!R146 -> PO / NBF / 121023 / 101 | N146: =+'Order Details Apr23-Mar24'!F146*'Order Details Apr23-Mar24'!N146 -> 160000 | Q146: 30 | S146: =P146+R146 -> 0
... A313: 305 | B313: =+'Order Details Apr23-Mar24'!P313 -> 45381 | D313: =+'Order Details Apr23-Mar24'!T313 -> PP & B Mart Pvt Ltd, Habra | F313: =+'Order Details Apr23-Mar24'!D313 -> MASTERSORB (EW Nutrition) | H313: =+'Order Details Apr23-Mar24'!G313 -> Kg | I313: =+'Order Details Apr23-Mar24'!I313 -> 1000 | K313: =+'Order Details Apr23-Mar24'!R313 -> PO / NBF / 300324 / 189 | N313: =+'Order Details Apr23-Mar24'!F313*'Order Details Apr23-Mar24'!N313 -> 128000 | Q313: 45 | S313: =P313+R313 -> 0
A314: 306 | B314: =+'Order Details Apr23-Mar24'!P314 -> 0 | D314: =+'Order Details Apr23-Mar24'!T314 -> 0 | F314: =+'Order Details Apr23-Mar24'!D314 -> 0 | H314: =+'Order Details Apr23-Mar24'!G314 -> 0 | I314: =+'Order Details Apr23-Mar24'!I314 -> 0 | K314: =+'Order Details Apr23-Mar24'!R314 -> 0 | N314: =+'Order Details Apr23-Mar24'!F314*'Order Details Apr23-Mar24'!N314 -> 0 | S314: =P314+R314 -> 0
A315: 307 | B315: =+'Order Details Apr23-Mar24'!P315 -> 0 | D315: =+'Order Details Apr23-Mar24'!T315 -> 0 | F315: =+'Order Details Apr23-Mar24'!D315 -> 0 | H315: =+'Order Details Apr23-Mar24'!G315 -> 0 | I315: =+'Order Details Apr23-Mar24'!I315 -> 0 | K315: =+'Order Details Apr23-Mar24'!R315 -> 0 | N315: =+'Order Details Apr23-Mar24'!F315*'Order Details Apr23-Mar24'!N315 -> 0 | S315: =P315+R315 -> 0
A316: 308 | B316: =+'Order Details Apr23-Mar24'!P316 -> 0 | D316: =+'Order Details Apr23-Mar24'!T316 -> 0 | F316: =+'Order Details Apr23-Mar24'!D316 -> 0 | H316: =+'Order Details Apr23-Mar24'!G316 -> 0 | I316: =+'Order Details Apr23-Mar24'!I316 -> 0 | K316: =+'Order Details Apr23-Mar24'!R316 -> 0 | N316: =+'Order Details Apr23-Mar24'!F316*'Order Details Apr23-Mar24'!N316 -> 0 | S316: =P316+R316 -> 0
A317: 309 | B317: =+'Order Details Apr23-Mar24'!P317 -> 0 | D317: =+'Order Details Apr23-Mar24'!T317 -> 0 | F317: =+'Order Details Apr23-Mar24'!D317 -> 0 | H317: =+'Order Details Apr23-Mar24'!G317 -> 0 | I317: =+'Order Details Apr23-Mar24'!I317 -> 0 | K317: =+'Order Details Apr23-Mar24'!R317 -> 0 | N317: =+'Order Details Apr23-Mar24'!F317*'Order Details Apr23-Mar24'!N317 -> 0 | S317: =P317+R317 -> 0
A318: 310 | B318: =+'Order Details Apr23-Mar24'!P318 -> 0 | D318: =+'Order Details Apr23-Mar24'!T318 -> 0 | F318: =+'Order Details Apr23-Mar24'!D318 -> 0 | H318: =+'Order Details Apr23-Mar24'!G318 -> 0 | I318: =+'Order Details Apr23-Mar24'!I318 -> 0 | K318: =+'Order Details Apr23-Mar24'!R318 -> 0 | N318: =+'Order Details Apr23-Mar24'!F318*'Order Details Apr23-Mar24'!N318 -> 0 | S318: =P318+R318 -> 0
A319: 311 | B319: =+'Order Details Apr23-Mar24'!P319 -> 0 | D319: =+'Order Details Apr23-Mar24'!T319 -> 0 | F319: =+'Order Details Apr23-Mar24'!D319 -> 0 | H319: =+'Order Details Apr23-Mar24'!G319 -> 0 | I319: =+'Order Details Apr23-Mar24'!I319 -> 0 | K319: =+'Order Details Apr23-Mar24'!R319 -> 0 | N319: =+'Order Details Apr23-Mar24'!F319*'Order Details Apr23-Mar24'!N319 -> 0 | S319: =P319+R319 -> 0
A320: 312 | B320: =+'Order Details Apr23-Mar24'!P320 -> 0 | D320: =+'Order Details Apr23-Mar24'!T320 -> 0 | F320: =+'Order Details Apr23-Mar24'!D320 -> 0 | H320: =+'Order Details Apr23-Mar24'!G320 -> 0 | I320: =+'Order Details Apr23-Mar24'!I320 -> 0 | K320: =+'Order Details Apr23-Mar24'!R320 -> 0 | N320: =+'Order Details Apr23-Mar24'!F320*'Order Details Apr23-Mar24'!N320 -> 0 | S320: =P320+R320 -> 0
A321: 313 | B321: =+'Order Details Apr23-Mar24'!P321 -> 0 | D321: =+'Order Details Apr23-Mar24'!T321 -> 0 | F321: =+'Order Details Apr23-Mar24'!D321 -> 0 | H321: =+'Order Details Apr23-Mar24'!G321 -> 0 | I321: =+'Order Details Apr23-Mar24'!I321 -> 0 | K321: =+'Order Details Apr23-Mar24'!R321 -> 0 | N321: =+'Order Details Apr23-Mar24'!F321*'Order Details Apr23-Mar24'!N321 -> 0 | S321: =P321+R321 -> 0
A322: 314 | B322: =+'Order Details Apr23-Mar24'!P322 -> 0 | D322: =+'Order Details Apr23-Mar24'!T322 -> 0 | F322: =+'Order Details Apr23-Mar24'!D322 -> 0 | H322: =+'Order Details Apr23-Mar24'!G322 -> 0 | I322: =+'Order Details Apr23-Mar24'!I322 -> 0 | K322: =+'Order Details Apr23-Mar24'!R322 -> 0 | N322: =+'Order Details Apr23-Mar24'!F322*'Order Details Apr23-Mar24'!N322 -> 0 | S322: =P322+R322 -> 0
A323: 315 | B323: =+'Order Details Apr23-Mar24'!P323 -> 0 | D323: =+'Order Details Apr23-Mar24'!T323 -> 0 | F323: =+'Order Details Apr23-Mar24'!D323 -> 0 | H323: =+'Order Details Apr23-Mar24'!G323 -> 0 | I323: =+'Order Details Apr23-Mar24'!I323 -> 0 | K323: =+'Order Details Apr23-Mar24'!R323 -> 0 | N323: =+'Order Details Apr23-Mar24'!F323*'Order Details Apr23-Mar24'!N323 -> 0 | S323: =P323+R323 -> 0
A324: 316 | B324: =+'Order Details Apr23-Mar24'!P324 -> 0 | D324: =+'Order Details Apr23-Mar24'!T324 -> 0 | F324: =+'Order Details Apr23-Mar24'!D324 -> 0 | H324: =+'Order Details Apr23-Mar24'!G324 -> 0 | I324: =+'Order Details Apr23-Mar24'!I324 -> 0 | K324: =+'Order Details Apr23-Mar24'!R324 -> 0 | N324: =+'Order Details Apr23-Mar24'!F324*'Order Details Apr23-Mar24'!N324 -> 0 | S324: =P324+R324 -> 0
A325: 317 | B325: =+'Order Details Apr23-Mar24'!P325 -> 0 | D325: =+'Order Details Apr23-Mar24'!T325 -> 0 | F325: =+'Order Details Apr23-Mar24'!D325 -> 0 | H325: =+'Order Details Apr23-Mar24'!G325 -> 0 | I325: =+'Order Details Apr23-Mar24'!I325 -> 0 | K325: =+'Order Details Apr23-Mar24'!R325 -> 0 | N325: =+'Order Details Apr23-Mar24'!F325*'Order Details Apr23-Mar24'!N325 -> 0 | S325: =P325+R325 -> 0
... A350: 342 | B350: =+'Order Details Apr23-Mar24'!P350 -> 0 | D350: =+'Order Details Apr23-Mar24'!T350 -> 0 | F350: =+'Order Details Apr23-Mar24'!D350 -> 0 | H350: =+'Order Details Apr23-Mar24'!G350 -> 0 | I350: =+'Order Details Apr23-Mar24'!I350 -> 0 | K350: =+'Order Details Apr23-Mar24'!R350 -> 0 | N350: =+'Order Details Apr23-Mar24'!F350*'Order Details Apr23-Mar24'!N350 -> 0 | S350: =P350+R350 -> 0

Sheet Order Details Apr24 - Mar25
B3: NBF | E3: ORDER DETAILS AS PER INDENT OF NARAENDRA BREEDING FARMS | S3: Update as on 29.03.2025
B5: INDENT | D5: NARAENDRA BREEDING FARMS | F5: D E T A I L S A B O U T I T E M | K5: D E T A I L S A B O U T P R I C E | P5: D E T A I L S A B O U T P U R C H A S E O R D E R
B7: DATE OF INDENT | D7: NAME OF ITEM | F7: REQUIRE QTY | G7: UOM | H7: PACK SIZE | I7: OREDR QTY | K7: PRICE | L7: GST % | M7: GST Crgs | N7: NET PRICE | P7: PO RAISED ON | R7: PO DATE / NO | T7: NAME OF SUPPLIER
A9: 1 | B9: 45390 | D9: AQUAMAX (BV Biocrop) | F9: 20 | G9: Ltr | H9: 50 | I9: =F9*H9 -> 1000 | K9: 457 | L9: 0.18 | M9: =K9*L9 -> 82.26 | N9: =K9+M9 -> 539.26 | P9: 45390 | R9: PO / NBF / 080424 / 01 | T9: B V Biocrop, Hitech Division
A10: 2 | B10: 45390 | D10: SAFEGARD (BV Biocrop) | F10: 20 | G10: Ltr | H10: 5 | I10: =F10*H10 -> 100 | K10: 1138 | L10: 0.18 | M10: =K10*L10 -> 204.84 | N10: =K10+M10 -> 1342.84 | P10: 45390 | R10: PO / NBF / 080424 / 01 | T10: B V Biocrop, Hitech Division
A11: 3 | B11: 45390 | D11: ELECTROCARE PLUS (Cargill) | F11: 200 | G11: Kg | H11: 1 | I11: =F11*H11 -> 200 | K11: 189 | M11: =K11*L11 -> 0 | N11: =K11+M11 -> 189 | P11: 45390 | R11: PO / NBF / 080424 / 02 | T11: Das Drug Centre Pvt Ltd, Habra
A12: 4 | B12: 45390 | D12: E CARE SE (Cargill) | F12: 300 | G12: Gms | H12: 200 | I12: =F12*H12 -> 60000 | K12: 190 | M12: =K12*L12 -> 0 | N12: =K12+M12 -> 190 | P12: 45390 | R12: PO / NBF / 080424 / 02 | T12: Das Drug Centre Pvt Ltd, Habra
A13: 5 | B13: 45390 | D13: FAMITONE (Zenex-AH) | F13: 48 | G13: Ltr | H13: 1 | I13: =F13*H13 -> 48 | K13: 580 | M13: =K13*L13 -> 0 | N13: =K13+M13 -> 580 | P13: 45390 | R13: PO / NBF / 080424 / 02 | T13: Das Drug Centre Pvt Ltd, Habra
A14: 6 | B14: 45390 | D14: HERBAL-C Liquid (Indian Herbs) | F14: 40 | G14: Ltr | H14: 5 | I14: =F14*H14 -> 200 | K14: 730 | M14: =K14*L14 -> 0 | N14: =K14+M14 -> 730 | P14: 45390 | R14: PO / NBF / 080424 / 02 | T14: Das Drug Centre Pvt Ltd, Habra
A15: 7 | B15: 45380 | D15: ROVIMIX BREEDER (DSM) | F15: 40 | G15: Kg | H15: 25 | I15: =F15*H15 -> 1000 | K15: 12175 | M15: =K15*L15 -> 0 | N15: =K15+M15 -> 12175 | P15: 45390 | R15: PO / NBF / 080424 / 03 | T15: Jeco Agrovet Pvt Ltd Kolkata
A16: 8 | B16: 45390 | D16: SELVIT-E (AHP Division) | F16: 210 | G16: Gms | H16: 200 | I16: =F16*H16 -> 42000 | K16: 200 | M16: =K16*L16 -> 0 | N16: =K16+M16 -> 200 | P16: 45390 | R16: PO / NBF / 080424 / 04 | T16: Venkys India Ltd (AHP Division)
A17: 9 | B17: 45394 | D17: BIOPLEX PRIME (Alltech) | F17: 20 | G17: Kg | H17: 25 | I17: =F17*H17 -> 500 | K17: 6700 | M17: =K17*L17 -> 0 | N17: =K17+M17 -> 6700 | P17: 45394 | R17: PO / NBF / 120424 / 05 | T17: Alltech Biotechnology Pvt Ltd
A18: 10 | B18: 45394 | D18: PHYTOCEE (Natural Remedies) | F18: 40 | G18: Kg | H18: 25 | I18: =F18*H18 -> 1000 | K18: 4850 | M18: =K18*L18 -> 0 | N18: =K18+M18 -> 4850 | P18: 45394 | R18: PO / NBF / 120424 / 06 | T18: Das Drug Centre Pvt Ltd, Habra
A19: 11 | B19: 45394 | D19: HEPATOCARE PREMIX (Varsha) | F19: 40 | G19: Kg | H19: 25 | I19: =F19*H19 -> 1000 | K19: 1250 | M19: =K19*L19 -> 0 | N19: =K19+M19 -> 1250 | P19: 45394 | R19: PO / NBF / 120424 / 07 | T19: Varsha Multitech, Bangallore
A20: 12 | B20: 45399 | D20: TRACEMIN BB (BV Biocrop) | F20: 34 | G20: Kg | H20: 30 | I20: =F20*H20 -> 1020 | K20: 1957 | M20: =K20*L20 -> 0 | N20: =K20+M20 -> 1957 | P20: 45399 | R20: PO / NBF / 120424 / 08 | T20: B V Biocrop, Hitech Division
A21: 13 | B21: 45399 | D21: KEMZYME-XPF (Kemin Indus.) | F21: 10 | G21: Kg | H21: 25 | I21: =F21*H21 -> 250 | K21: 6050 | M21: =K21*L21 -> 0 | N21: =K21+M21 -> 6050 | P21: 45399 | R21: PO / NBF / 170424 / 09 | T21: Kemin Industries South Asia
A22: 14 | B22: 45399 | D22: ALKAKARB (Tata Chemicals) | F22: 40 | G22: Kg | H22: 50 | I22: =F22*H22 -> 2000 | K22: 1949.15 | L22: 0.18 | M22: =K22*L22 -> 350.847 | N22: =K22+M22 -> 2299.997 | P22: 45399 | R22: PO / NBF / 170424 / 10 | T22: Sneha Farms Pvt Ltd Hyderabad
A23: 15 | B23: 45399 | D23: ROVIMIX-E 50 (DSM) | F23: 8 | G23: Kg | H23: 25 | I23: =F23*H23 -> 200 | K23: 21500 | M23: =K23*L23 -> 0 | N23: =K23+M23 -> 21500 | P23: 45400 | R23: PO / NBF / 180424 / 11 | T23: Jeco Agrovet Pvt Ltd Kolkata
A24: 16 | B24: 45411 | D24: ELECTROCARE PLUS (Cargill) | F24: 300 | G24: Kg | H24: 1 | I24: =F24*H24 -> 300 | K24: 189 | M24: =K24*L24 -> 0 | N24: =K24+M24 -> 189 | P24: 45411 | R24: PO / NBF / 300424 / 12 | T24: Das Drug Centre Pvt Ltd, Habra
A25: 17 | B25: 45411 | D25: E CARE SE (Cargill) | F25: 300 | G25: Gms | H25: 200 | I25: =F25*H25 -> 60000 | K25: 190 | M25: =K25*L25 -> 0 | N25: =K25+M25 -> 190 | P25: 45411 | R25: PO / NBF / 300424 / 12 | T25: Das Drug Centre Pvt Ltd, Habra
A26: 18 | B26: 45411 | D26: ENROCIN-10% (Zoetis) | F26: 20 | G26: Ltr | H26: 5 | I26: =F26*H26 -> 100 | K26: 2587 | L26: 0.12 | M26: =K26*L26 -> 310.44 | N26: =K26+M26 -> 2897.44 | P26: 45411 | R26: PO / NBF / 300424 / 12 | T26: Das Drug Centre Pvt Ltd, Habra
A27: 19 | B27: 45411 | D27: HERBAL-C Liquid (Indian Herbs) | F27: 120 | G27: Ltr | H27: 5 | I27: =F27*H27 -> 600 | K27: 730 | M27: =K27*L27 -> 0 | N27: =K27+M27 -> 730 | P27: 45411 | R27: PO / NBF / 300424 / 12 | T27: Das Drug Centre Pvt Ltd, Habra
A28: 20 | B28: 45411 | D28: HIMFLORA (Himalaya) | F28: 60 | G28: Kg | H28: 5 | I28: =F28*H28 -> 300 | K28: 2875 | M28: =K28*L28 -> 0 | N28: =K28+M28 -> 2875 | P28: 45411 | R28: PO / NBF / 300424 / 12 | T28: Das Drug Centre Pvt Ltd, Habra
A29: 21 | B29: 45411 | D29: Oxytetracycline-LA Injection (Zenex) | F29: 200 | G29: Ml | H29: 50 | I29: =F29*H29 -> 10000 | K29: 116 | L29: 0.12 | M29: =K29*L29 -> 13.92 | N29: =K29+M29 -> 129.92 | P29: 45411 | R29: PO / NBF / 300424 / 12 | T29: Das Drug Centre Pvt Ltd, Habra
A30: 22 | B30: 45411 | D30: TAMIK Injection (TTK) | F30: 50 | G30: Ml | H30: 100 | I30: =F30*H30 -> 5000 | K30: 733 | L30: 0.12 | M30: =K30*L30 -> 87.96 | N30: =K30+M30 -> 820.96 | P30: 45411 | R30: PO / NBF / 300424 / 12 | T30: Das Drug Centre Pvt Ltd, Habra
A31: 23 | B31: 45411 | D31: TYLOMAX Injection (Intas) | F31: 50 | G31: Ml | H31: 100 | I31: =F31*H31 -> 5000 | K31: 225 | L31: 0.12 | M31: =K31*L31 -> 27 | N31: =K31+M31 -> 252 | P31: 45411 | R31: PO / NBF / 300424 / 12 | T31: Das Drug Centre Pvt Ltd, Habra
A32: 24 | B32: 45411 | D32: URIMIN Injection (Virbac) | F32: 50 | G32: Ml | H32: 100 | I32: =F32*H32 -> 5000 | K32: 319.24 | L32: 0.12 | M32: =K32*L32 -> 38.3088 | N32: =K32+M32 -> 357.5488 | P32: 45411 | R32: PO / NBF / 300424 / 12 | T32: Das Drug Centre Pvt Ltd, Habra
A33: 25 | B33: 45411 | D33: LEVUCELL-SB (BV Biocrop) | F33: 60 | G33: Kg | H33: 5 | I33: =F33*H33 -> 300 | K33: 2150 | M33: =K33*L33 -> 0 | N33: =K33+M33 -> 2150 | P33: 45411 | R33: PO / NBF / 300424 / 13 | T33: B V Biocrop, Biotech Division
A34: 26 | B34: 45411 | D34: MICROGUARD (Zeus Biotech) | F34: 50 | G34: Kg | H34: 1 | I34: =F34*H34 -> 50 | K34: 740 | M34: =K34*L34 -> 0 | N34: =K34+M34 -> 740 | P34: 45411 | R34: PO / NBF / 300424 / 14 | T34: P P & B Mart Pvt Ltd Habra WB
A35: 27 | B35: 45411 | D35: SALCOCHEK (Ayurvet) | F35: 20 | G35: Kg | H35: 25 | I35: =F35*H35 -> 500 | K35: 3200 | L35: 0.12 | M35: =K35*L35 -> 384 | N35: =K35+M35 -> 3584 | P35: 45411 | R35: PO / NBF / 300424 / 15 | T35: Sai Kiran Medical Agencies HYD
A36: 28 | B36: 45411 | D36: VENTRIPLEX-M 4X (AHP Division) | F36: 20 | G36: Ltr | H36: 5 | I36: =F36*H36 -> 100 | K36: 554 | M36: =K36*L36 -> 0 | N36: =K36+M36 -> 554 | P36: 45411 | R36: PO / NBF / 300424 / 16 | T36: Venkys India Ltd (AHP Division)
A37: 29 | B37: VERBAL | D37: MASTERSORB (EW Nutrition) | F37: 600 | G37: Kg | H37: 25 | I37: =F37*H37 -> 15000 | K37: 2500 | M37: =K37*L37 -> 0 | N37: =K37+M37 -> 2500 | P37: 45418 | R37: PO / NBF / 060524 / 17 | T37: E W Nutrition India Pvt Limited
A38: 30 | B38: 45421 | D38: VOLAMEL EXTRA (Nukamel) | F38: 20 | G38: Kg | H38: 25 | I38: =F38*H38 -> 500 | K38: 14250 | M38: =K38*L38 -> 0 | N38: =K38+M38 -> 14250 | P38: 45422 | R38: PO / NBF / 100524 / 18 | T38: APC Nutrients Limited Hyderabad
A39: 31 | B39: 45421 | D39: E CARE SE (Cargill) | F39: 500 | G39: Gms | H39: 200 | I39: =F39*H39 -> 100000 | K39: 190 | M39: =K39*L39 -> 0 | N39: =K39+M39 -> 190 | P39: 45422 | R39: PO / NBF / 100524 / 19 | T39: Das Drug Centre Pvt Ltd, Habra
A40: 32 | B40: 45421 | D40: SPERMED (Medichem Product) | F40: 50 | G40: Kg | H40: 1 | I40: =F40*H40 -> 50 | K40: 3500 | M40: =K40*L40 -> 0 | N40: =K40+M40 -> 3500 | P40: 45422 | R40: PO / NBF / 100524 / 20 | T40: Healers Associates, Vijayawada
A41: 33 | B41: 45421 | D41: DL Methionine (Evonik) | F41: 40 | G41: Kg | H41: 25 | I41: =F41*H41 -> 1000 | K41: 3843.23 | M41: =K41*L41 -> 0 | N41: =K41+M41 -> 3843.23 | P41: 45422 | R41: PO / NBF / 100524 / 21 | T41: Provimi Animal Nutrition India
A42: 34 | B42: 45423 | D42: Hipraviar Clon H-120 (Hipra) | F42: 100 | G42: Dose | H42: 2500 | I42: =F42*H42 -> 250000 | K42: 550 | L42: 0.05 | M42: =K42*L42 -> 27.5 | N42: =K42+M42 -> 577.5 | P42: 45425 | R42: PO / NBF / 130524 / 22 | T42: Tara Enterprises Hyderabad
A43: 35 | B43: 45430 | D43: SELCON FORTE (Zeus Biotech) | F43: 20 | G43: Kg | H43: 10 | I43: =F43*H43 -> 200 | K43: 4000 | M43: =K43*L43 -> 0 | N43: =K43+M43 -> 4000 | P43: 45430 | R43: PO / NBF / 180524 / 23 | T43: Zeus Biotech Pvt Ltd, Mysore
A44: 36 | B44: 45432 | D44: SCALONIL- 888 (Bhabani Bio) | F44: 60 | G44: Ltr | H44: 5 | I44: =F44*H44 -> 300 | K44: 542 | L44: 0.18 | M44: =K44*L44 -> 97.56 | N44: =K44+M44 -> 639.56 | P44: 45432 | R44: PO / NBF / 200524 / 24 | T44: Bhabani Bio Security Odisha
A45: 37 | B45: 45432 | D45: FAMITONE (Zenex-AH) | F45: 96 | G45: Ltr | H45: 1 | I45: =F45*H45 -> 96 | K45: 580 | M45: =K45*L45 -> 0 | N45: =K45+M45 -> 580 | P45: 45432 | R45: PO / NBF / 200524 / 25 | T45: Das Drug Centre Pvt Ltd, Habra
A46: 38 | B46: 45432 | D46: KOLIN PLUS (Natural Remedies) | F46: 28 | G46: Kg | H46: 25 | I46: =F46*H46 -> 700 | K46: 1750 | M46: =K46*L46 -> 0 | N46: =K46+M46 -> 1750 | P46: 45432 | R46: PO / NBF / 200524 / 25 | T46: Das Drug Centre Pvt Ltd, Habra
A47: 39 | B47: 45434 | D47: SPERMED-F (Medichem Product) | F47: 100 | G47: Kg | H47: 1 | I47: =F47*H47 -> 100 | K47: 3500 | M47: =K47*L47 -> 0 | N47: =K47+M47 -> 3500 | P47: 45435 | R47: PO / NBF / 230524 / 26 | T47: Healers Associates, Vijayawada
A48: 40 | B48: 45432 | D48: APSAMIX TIAMULIN -10% (Pintaluba) | F48: 16 | G48: Kg | H48: 25 | I48: =F48*H48 -> 400 | K48: 19375 | M48: =K48*L48 -> 0 | N48: =K48+M48 -> 19375 | P48: 45435 | R48: PO / NBF / 230524 / 27 | T48: Bhuvana Nutribio Sciences Pune
A49: 41 | B49: 45435 | D49: Oxytetracycline-LA Injection (Zenex) | F49: 600 | G49: Ml | H49: 50 | I49: =F49*H49 -> 30000 | K49: 116 | L49: 0.12 | M49: =K49*L49 -> 13.92 | N49: =K49+M49 -> 129.92 | P49: 45435 | R49: PO / NBF / 230524 / 28 | T49: Crescent Marketing Hyderabad
A50: 42 | B50: 45435 | D50: TAYLOMAX Injection (Intas) | F50: 300 | G50: Ml | H50: 100 | I50: =F50*H50 -> 30000 | K50: 258 | L50: 0.12 | M50: =K50*L50 -> 30.96 | N50: =K50+M50 -> 288.96 | P50: 45435 | R50: PO / NBF / 230524 / 29 | T50: Tara Enterprises Hyderabad
A51: 43 | B51: 45440 | D51: BIOPLEX PRIME (Alltech) | F51: 20 | G51: Kg | H51: 25 | I51: =F51*H51 -> 500 | K51: 6000 | M51: =K51*L51 -> 0 | N51: =K51+M51 -> 6000 | P51: 45440 | R51: PO / NBF / 280524 / 30 | T51: Alltech Biotechnology Pvt Ltd
A52: 44 | B52: 45440 | D52: ELECTROCARE PLUS (Cargill) | F52: 400 | G52: Kg | H52: 1 | I52: =F52*H52 -> 400 | K52: 189 | M52: =K52*L52 -> 0 | N52: =K52+M52 -> 189 | P52: 45440 | R52: PO / NBF / 280524 / 31 | T52: Das Drug Centre Pvt Ltd, Habra
A53: 45 | B53: 45440 | D53: ILT (G-10000) Live Vaccine | F53: 75 | G53: Dose | H53: 1000 | I53: =F53*H53 -> 75000 | K53: 1500 | L53: 0.05 | M53: =K53*L53 -> 75 | N53: =K53+M53 -> 1575 | P53: 45440 | R53: PO / NBF / 280524 / 32 | T53: Hester Biosciences Limited
A54: 46 | B54: 45440 | D54: ROVIMIX BREEDER (DSM) | F54: 60 | G54: Kg | H54: 25 | I54: =F54*H54 -> 1500 | K54: 12175 | M54: =K54*L54 -> 0 | N54: =K54+M54 -> 12175 | P54: 45443 | R54: PO / NBF / 310524 / 33 | T54: Jeco Agrovet Pvt Ltd Kolkata
A55: 47 | B55: 45446 | D55: TRITYL - 62.5% (Alivira) | F55: 50 | G55: Gms | H55: 400 | I55: =F55*H55 -> 20000 | K55: 8550 | L55: 0.12 | M55: =K55*L55 -> 1026 | N55: =K55+M55 -> 9576 | P55: 45446 | R55: PO / NBF / 030624 / 34 | T55: Alivira Animal Health Ltd Mumbai
A56: 48 | B56: 45446 | D56: Hipraviar Clon 79 (Hipra) | F56: 41 | G56: Dose | H56: 1000 | I56: =F56*H56 -> 41000 | K56: 165 | L56: 0.05 | M56: =K56*L56 -> 8.25 | N56: =K56+M56 -> 173.25 | P56: 45446 | R56: PO / NBF / 030624 / 35 | T56: Das Drug Centre Pvt Ltd, Habra
A57: 49 | B57: 45446 | D57: Hipraviar BPL-2 Killed (Hipra) | F57: 40 | G57: Dose | H57: 1000 | I57: =F57*H57 -> 40000 | K57: 1875 | L57: 0.05 | M57: =K57*L57 -> 93.75 | N57: =K57+M57 -> 1968.75 | P57: 45446 | R57: PO / NBF / 030624 / 35 | T57: Das Drug Centre Pvt Ltd, Habra
A58: 50 | B58: 45446 | D58: MG BAC KILLED (Zoetis) | F58: 81 | G58: Dose | H58: 1000 | I58: =F58*H58 -> 81000 | K58: 6982 | L58: 0.05 | M58: =K58*L58 -> 349.1 | N58: =K58+M58 -> 7331.1 | P58: 45446 | R58: PO / NBF / 030624 / 35 | T58: Das Drug Centre Pvt Ltd, Habra
A59: 51 | B59: 45446 | D59: TRI REO KILLED (Zoetis) | F59: 40 | G59: Dose | H59: 1000 | I59: =F59*H59 -> 40000 | K59: 5538 | L59: 0.05 | M59: =K59*L59 -> 276.9 | N59: =K59+M59 -> 5814.9 | P59: 45446 | R59: PO / NBF / 030624 / 35 | T59: Das Drug Centre Pvt Ltd, Habra
A60: 52 | B60: 45446 | D60: HIVIT Injection (Zenex-AH) | F60: 100 | G60: Ml | H60: 100 | I60: =F60*H60 -> 10000 | K60: 102 | L60: 0.12 | M60: =K60*L60 -> 12.24 | N60: =K60+M60 -> 114.24 | P60: 45446 | R60: PO / NBF / 030624 / 35 | T60: Das Drug Centre Pvt Ltd, Habra
A61: 53 | B61: 45446 | D61: KOHRSOLIN-TH (Virbac) | F61: 20 | G61: Ltr | H61: 5 | I61: =F61*H61 -> 100 | K61: 4930 | L61: 0.18 | M61: =K61*L61 -> 887.4 | N61: =K61+M61 -> 5817.4 | P61: 45446 | R61: PO / NBF / 030624 / 35 | T61: Das Drug Centre Pvt Ltd, Habra
A62: 54 | B62: 45446 | D62: FLYVIN (We Care Animal Health) | F62: 100 | G62: Kg | H62: 1 | I62: =F62*H62 -> 100 | K62: 720 | M62: =K62*L62 -> 0 | N62: =K62+M62 -> 720 | P62: 45446 | R62: PO / NBF / 030624 / 36 | T62: We Care Animal Health, Bengal
A63: 55 | B63: 45446 | D63: B-904 (BV Biocrop) | F63: 20 | G63: Ltr | H63: 5 | I63: =F63*H63 -> 100 | K63: 3273 | L63: 0.18 | M63: =K63*L63 -> 589.14 | N63: =K63+M63 -> 3862.14 | P63: 45447 | R63: PO / NBF / 040624 / 37 | T63: B V Biocrop, Hitech Division
A64: 56 | B64: 45446 | D64: INACTIVATED EDS VAC | F64: 30 | G64: Dose | H64: 1000 | I64: =F64*H64 -> 30000 | K64: 1150 | L64: 0.05 | M64: =K64*L64 -> 57.5 | N64: =K64+M64 -> 1207.5 | P64: 45447 | R64: PO / NBF / 040624 / 38 | T64: Hester Biosciences Limited
A65: 57 | B65: 45446 | D65: ILT (G-10000) Live Vaccine | F65: 41 | G65: Dose | H65: 1000 | I65: =F65*H65 -> 41000 | K65: 1500 | L65: 0.05 | M65: =K65*L65 -> 75 | N65: =K65+M65 -> 1575 | P65: 45447 | R65: PO / NBF / 040624 / 38 | T65: Hester Biosciences Limited
A66: 58 | B66: 45446 | D66: INACTIVATED PULLET(LPAI) VAC | F66: 39 | G66: Dose | H66: 1000 | I66: =F66*H66 -> 39000 | K66: 926.15 | L66: 0.05 | M66: =K66*L66 -> 46.3075 | N66: =K66+M66 -> 972.4575 | P66: 45447 | R66: PO / NBF / 040624 / 38 | T66: Hester Biosciences Limited
A67: 59 | B67: 45446 | D67: INACTIVATED PULLET(HPAI) VAC | F67: 109 | G67: Dose | H67: 1000 | I67: =F67*H67 -> 109000 | K67: 2498.91 | L67: 0.05 | M67: =K67*L67 -> 124.9455 | N67: =K67+M67 -> 2623.8555 | P67: 45447 | R67: PO / NBF / 040624 / 38 | T67: Hester Biosciences Limited
A68: 60 | B68: 45446 | D68: AE KILLED VAC | F68: 81 | G68: Dose | H68: 1000 | I68: =F68*H68 -> 81000 | K68: 1995 | L68: 0.05 | M68: =K68*L68 -> 99.75 | N68: =K68+M68 -> 2094.75 | P68: 45447 | R68: PO / NBF / 040624 / 39 | T68: Venkateshwara Hatcheries Ltd
A69: 61 | B69: 45446 | D69: IB ASTRO (AEIBH) KILLED VAC | F69: 79 | G69: Dose | H69: 1000 | I69: =F69*H69 -> 79000 | K69: 3255 | L69: 0.05 | M69: =K69*L69 -> 162.75 | N69: =K69+M69 -> 3417.75 | P69: 45447 | R69: PO / NBF / 040624 / 39 | T69: Venkateshwara Hatcheries Ltd
A70: 62 | B70: 45446 | D70: IBD KILLED VAC | F70: 41 | G70: Dose | H70: 1000 | I70: =F70*H70 -> 41000 | K70: 896 | L70: 0.05 | M70: =K70*L70 -> 44.8 | N70: =K70+M70 -> 940.8 | P70: 45447 | R70: PO / NBF / 040624 / 39 | T70: Venkateshwara Hatcheries Ltd
A71: 63 | B71: 45446 | D71: IBH KILLED VAC | F71: 36 | G71: Dose | H71: 1000 | I71: =F71*H71 -> 36000 | K71: 1575 | L71: 0.05 | M71: =K71*L71 -> 78.75 | N71: =K71+M71 -> 1653.75 | P71: 45447 | R71: PO / NBF / 040624 / 39 | T71: Venkateshwara Hatcheries Ltd
A72: 64 | B72: 45446 | D72: ND+IBD KILLED VAC | F72: 40 | G72: Dose | H72: 1000 | I72: =F72*H72 -> 40000 | K72: 2730 | L72: 0.05 | M72: =K72*L72 -> 136.5 | N72: =K72+M72 -> 2866.5 | P72: 45447 | R72: PO / NBF / 040624 / 39 | T72: Venkateshwara Hatcheries Ltd
A73: 65 | B73: 45446 | D73: REO KILLED VAC | F73: 41 | G73: Dose | H73: 1000 | I73: =F73*H73 -> 41000 | K73: 2021 | L73: 0.05 | M73: =K73*L73 -> 101.05 | N73: =K73+M73 -> 2122.05 | P73: 45447 | R73: PO / NBF / 040624 / 39 | T73: Venkateshwara Hatcheries Ltd
A74: 66 | B74: 45446 | D74: SALMONELLA KILLED VAC | F74: 40 | G74: Dose | H74: 1000 | I74: =F74*H74 -> 40000 | K74: 2835 | L74: 0.05 | M74: =K74*L74 -> 141.75 | N74: =K74+M74 -> 2976.75 | P74: 45447 | R74: PO / NBF / 040624 / 39 | T74: Venkateshwara Hatcheries Ltd
A75: 67 | B75: 45446 | D75: VH V- 4K (4way) KILLED VAC | F75: 34 | G75: Dose | H75: 1000 | I75: =F75*H75 -> 34000 | K75: 5250 | L75: 0.05 | M75: =K75*L75 -> 262.5 | N75: =K75+M75 -> 5512.5 | P75: 45447 | R75: PO / NBF / 040624 / 39 | T75: Venkateshwara Hatcheries Ltd
A76: 68 | B76: 45450 | D76: SHARKOFERROL-P (Alembic) | F76: 5 | G76: Kg | H76: 20 | I76: =F76*H76 -> 100 | K76: 4500 | M76: =K76*L76 -> 0 | N76: =K76+M76 -> 4500 | P76: 45451 | R76: PO / NBF / 080624 / 40 | T76: Mitra Agencies Hyderabad
A77: 69 | B77: 45453 | D77: PHYTOCEE (Natural Remedies) | F77: 20 | G77: Kg | H77: 25 | I77: =F77*H77 -> 500 | K77: 4850 | M77: =K77*L77 -> 0 | N77: =K77+M77 -> 4850 | P77: 45453 | R77: PO / NBF / 100624 / 41 | T77: Das Drug Centre Pvt Ltd, Habra
A78: 70 | B78: 45453 | D78: BIO - D 100 (Huvepharma) | F78: 10 | G78: Kg | H78: 20 | I78: =F78*H78 -> 200 | K78: 31000 | M78: =K78*L78 -> 0 | N78: =K78+M78 -> 31000 | P78: 45453 | R78: PO / NBF / 100624 / 42 | T78: Huvepharma Sea Pune Pvt Ltd
A79: 71 | B79: 45457 | D79: ALVIBAC - MD (Alivira) | F79: 8 | G79: Kg | H79: 25 | I79: =F79*H79 -> 200 | K79: 6250 | M79: =K79*L79 -> 0 | N79: =K79+M79 -> 6250 | P79: 45458 | R79: PO / NBF / 150624 / 43 | T79: Alivira Animal Health Ltd Mumbai
A80: 72 | B80: 45457 | D80: CITRINAL (Alivira) | F80: 25 | G80: Kg | H80: 20 | I80: =F80*H80 -> 500 | K80: 3000 | M80: =K80*L80 -> 0 | N80: =K80+M80 -> 3000 | P80: 45458 | R80: PO / NBF / 150624 / 43 | T80: Alivira Animal Health Ltd Mumbai
A81: 73 | B81: 45457 | D81: VES CHOL 60% (Vesper) | F81: 50 | G81: Kg | H81: 20 | I81: =F81*H81 -> 1000 | K81: 1800 | M81: =K81*L81 -> 0 | N81: =K81+M81 -> 1800 | P81: 45458 | R81: PO / NBF / 150624 / 44 | T81: Ves Spa, Barasat, West Bengal
A82: 74 | B82: 45450 | D82: PROMIX-Y PLUS (Alembic) | F82: 40 | G82: Kg | H82: 1 | I82: =F82*H82 -> 40 | K82: 900 | M82: =K82*L82 -> 0 | N82: =K82+M82 -> 900 | P82: 45462 | R82: PO / NBF / 190624 / 45 | T82: Gitaa Medical Enterprise, Bengal
A83: 75 | B83: 45462 | D83: HIMFLORA (Himalaya) | F83: 60 | G83: kg | H83: 5 | I83: =F83*H83 -> 300 | K83: 2875 | M83: =K83*L83 -> 0 | N83: =K83+M83 -> 2875 | P83: 45462 | R83: PO / NBF / 190624 / 46 | T83: Das Drug Centre Pvt Ltd, Habra
A84: 76 | B84: 45460 | D84: Hipraviar Clon 79 (Hipra) | F84: 30 | G84: Dose | H84: 2500 | I84: =F84*H84 -> 75000 | K84: 296 | L84: 0.05 | M84: =K84*L84 -> 14.8 | N84: =K84+M84 -> 310.8 | P84: 45464 | R84: PO / NBF / 210624 / 47 | T84: Tara Enterprises Hyderabad
A85: 77 | B85: 45467 | D85: CADLIV (Zenex-AH) | F85: 24 | G85: Ltr | H85: 5 | I85: =F85*H85 -> 120 | K85: 1010 | M85: =K85*L85 -> 0 | N85: =K85+M85 -> 1010 | P85: 45468 | R85: PO / NBF / 250624 / 48 | T85: Das Drug Centre Pvt Ltd, Habra
A86: 78 | B86: 45468 | D86: MASTERSORB (EW Nutrition) | F86: 20 | G86: Kg | H86: 25 | I86: =F86*H86 -> 500 | K86: 3200 | M86: =K86*L86 -> 0 | N86: =K86+M86 -> 3200 | P86: 45468 | R86: PO / NBF / 250624 / 49 | T86: PP & B Mart Pvt Ltd, Habra, Bengal
A87: 79 | B87: 45468 | D87: SALCOCHEK (Ayurvet) | F87: 20 | G87: Kg | H87: 25 | I87: =F87*H87 -> 500 | K87: 3200 | L87: 0.12 | M87: =K87*L87 -> 384 | N87: =K87+M87 -> 3584 | P87: 45468 | R87: PO / NBF / 250624 / 50 | T87: Sai Kiran Medical Agencies HYD
A88: 80 | B88: No Indent | D88: ROVIMIX-E 50 (DSM) | F88: 8 | G88: Kg | H88: 25 | I88: =F88*H88 -> 200 | K88: 23625 | M88: =K88*L88 -> 0 | N88: =K88+M88 -> 23625 | P88: 45470 | R88: PO / NBF / 270624 / 51 | T88: Jeco Agrovet Pvt Ltd Kolkata
A89: 81 | B89: By Mail | D89: CLOSTAT - 365 / 12 DRY (Kemin) | F89: 10 | G89: Kg | H89: 25 | I89: =F89*H89 -> 250 | K89: 12500 | M89: =K89*L89 -> 0 | N89: =K89+M89 -> 12500 | P89: 45470 | R89: PO / NBF / 270624 / 52 | T89: Kemin Industries South Asia
A90: 82 | B90: 45477 | D90: E CARE SE (Cargill) | F90: 1500 | G90: Gms | H90: 200 | I90: =F90*H90 -> 300000 | K90: 190 | M90: =K90*L90 -> 0 | N90: =K90+M90 -> 190 | P90: 45477 | R90: PO / NBF / 040724 / 53 | T90: Das Drug Centre Pvt Ltd, Habra
A91: 83 | B91: 45477 | D91: HEPATOCARE PREMIX (Varsha) | F91: 40 | G91: Kg | H91: 25 | I91: =F91*H91 -> 1000 | K91: 1250 | M91: =K91*L91 -> 0 | N91: =K91+M91 -> 1250 | P91: 45477 | R91: PO / NBF / 040724 / 54 | T91: Varsha Multitech, Bangallore
A92: 84 | B92: 45482 | D92: LEVUCELL-SB (BV Biocrop) | F92: 60 | G92: Kg | H92: 5 | I92: =F92*H92 -> 300 | K92: 2150 | M92: =K92*L92 -> 0 | N92: =K92+M92 -> 2150 | P92: 45483 | R92: PO / NBF / 100724 / 55 | T92: B V Biocrop, Biotech Division
A93: 85 | B93: No Indent | D93: OVASTIM (Izda Healthcare) | F93: 300 | G93: Kg | H93: 1 | I93: =F93*H93 -> 300 | K93: 400 | M93: =K93*L93 -> 0 | N93: =K93+M93 -> 400 | P93: 45490 | R93: PO / NBF / 170724 / 56 | T93: Izda Healthcare Ambala Cantonment
A94: 86 | B94: 45477 | D94: ALKAKARB (Tata Chemicals) | F94: 40 | G94: Kg | H94: 50 | I94: =F94*H94 -> 2000 | K94: 1949.15 | L94: 0.18 | M94: =K94*L94 -> 350.847 | N94: =K94+M94 -> 2299.997 | P94: 45497 | R94: PO / NBF / 240724 / 57 | T94: Sneha Farms Pvt Ltd Hyderabad
A95: 87 | B95: 45477 | D95: Lysine HCL (Sewon) | F95: 40 | G95: Kg | H95: 25 | I95: =F95*H95 -> 1000 | K95: 3813.55 | L95: 0.18 | M95: =K95*L95 -> 686.439 | N95: =K95+M95 -> 4499.989 | P95: 45497 | R95: PO / NBF / 240724 / 57 | T95: Sneha Farms Pvt Ltd Hyderabad
A96: 88 | B96: 45509 | D96: ALVIBAC - MD (Alivira) | F96: 20 | G96: Kg | H96: 25 | I96: =F96*H96 -> 500 | K96: 6250 | M96: =K96*L96 -> 0 | N96: =K96+M96 -> 6250 | P96: 45509 | R96: PO / NBF / 050824 / 58 | T96: Alivira Animal Health Ltd Mumbai
A97: 89 | B97: 45509 | D97: HIMFLORA (Himalaya) | F97: 100 | G97: Kg | H97: 5 | I97: =F97*H97 -> 500 | K97: 2875 | M97: =K97*L97 -> 0 | N97: =K97+M97 -> 2875 | P97: 45509 | R97: PO / NBF / 050824 / 59 | T97: Das Drug Centre Pvt Ltd, Habra
A98: 90 | B98: 45512 | D98: CITRINAL (Alivira) | F98: 50 | G98: Kg | H98: 20 | I98: =F98*H98 -> 1000 | K98: 2900 | M98: =K98*L98 -> 0 | N98: =K98+M98 -> 2900 | P98: 45512 | R98: PO / NBF / 080824 / 60 | T98: Alivira Animal Health Ltd Mumbai
A99: 91 | B99: 45512 | D99: BIOPLEX PRIME (Alltech) | F99: 20 | G99: Kg | H99: 25 | I99: =F99*H99 -> 500 | K99: 6000 | M99: =K99*L99 -> 0 | N99: =K99+M99 -> 6000 | P99: 45512 | R99: PO / NBF / 080824 / 61 | T99: Alltech Biotechnology Pvt Ltd
A100: 92 | B100: 45512 | D100: TRACEMIN BB (BV Biocrop) | F100: 34 | G100: Kg | H100: 30 | I100: =F100*H100 -> 1020 | K100: 1957 | M100: =K100*L100 -> 0 | N100: =K100+M100 -> 1957 | P100: 45512 | R100: PO / NBF / 080824 / 62 | T100: B V Biocrop, Hitech Division
A101: 93 | B101: 45512 | D101: MASTERSORB (EW Nutrition) | F101: 40 | G101: Kg | H101: 25 | I101: =F101*H101 -> 1000 | J101: R | K101: 2750 | M101: =K101*L101 -> 0 | N101: =K101+M101 -> 2750 | P101: 45512 | R101: PO / NBF / 080824 / 63 | T101: PP & B Mart Pvt Ltd, Habra, Bengal
A102: 94 | B102: 45514 | D102: BV-CLO2 (10 Gram) TAB | F102: 100 | G102: Pcs | H102: 10 | I102: =F102*H102 -> 1000 | K102: 200 | L102: 0.18 | M102: =K102*L102 -> 36 | N102: =K102+M102 -> 236 | P102: 45514 | R102: PO / NBF / 100824 / 64 | T102: B V Biocrop, Hitech Division
A103: 95 | B103: 45514 | D103: SAFEGARD (BV Biocrop) | F103: 20 | G103: Ltr | H103: 5 | I103: =F103*H103 -> 100 | K103: 1138 | L103: 0.18 | M103: =K103*L103 -> 204.84 | N103: =K103+M103 -> 1342.84 | P103: 45514 | R103: PO / NBF / 100824 / 64 | T103: B V Biocrop, Hitech Division
A104: 96 | B104: 45514 | D104: CADLIV (Zenex-AH) | F104: 20 | G104: Ltr | H104: 5 | I104: =F104*H104 -> 100 | K104: 1010 | M104: =K104*L104 -> 0 | N104: =K104+M104 -> 1010 | P104: 45514 | R104: PO / NBF / 100824 / 65 | T104: Das Drug Centre Pvt Ltd, Habra
A105: 97 | B105: 45514 | D105: ENROCIN-10% (Zoetis) | F105: 10 | G105: Ltr | H105: 5 | I105: =F105*H105 -> 50 | K105: 2587 | L105: 0.12 | M105: =K105*L105 -> 310.44 | N105: =K105+M105 -> 2897.44 | P105: 45514 | R105: PO / NBF / 100824 / 65 | T105: Das Drug Centre Pvt Ltd, Habra
...

Sheet Account Details Apr24 - Mar25
B3: NBF | E3: ORDER DETAILS AS PER INDENT OF NARAENDRA BREEDING FARMS | S3: =+'Order Details Apr24 - Mar25'!S3:T3 -> Update as on 29.03.2025
B5: INDENT | D5: NARAENDRA FARMS | F5: D E T A I L S A B O U T I T E M | K5: D E T A I L S A B O U T O R D E R | P5: D E T A I L S A B O U T P A Y M E N T
B7: PURCHASE ORDER DATE | D7: NAME OF SUPPLIER | F7: ITEM DESCRIPTION | H7: UOM | I7: OREDR QTY | K7: PO DATE & PO NO | N7: Payable Amount | P7: GRN DATE | Q7: GRN NO | R7: CR LIMIT | S7: PAYMENT SCHEDULE | T7: DATE OF PAYMENT | U7: PAYMENT AMOUNT
P8: mm/dd/yy | T8: mm/dd/yy
A9: 1 | B9: =+'Order Details Apr24 - Mar25'!P9 -> 45390 | D9: =+'Order Details Apr24 - Mar25'!T9 -> B V Biocrop, Hitech Division | F9: =+'Order Details Apr24 - Mar25'!D9 -> AQUAMAX (BV Biocrop) | H9: =+'Order Details Apr24 - Mar25'!G9 -> Ltr | I9: =+'Order Details Apr24 - Mar25'!I9 -> 1000 | K9: =+'Order Details Apr24 - Mar25'!R9 -> PO / NBF / 080424 / 01 | N9: =+'Order Details Apr24 - Mar25'!F9*'Order Details Apr24 - Mar25'!N9 -> 10785.2 | R9: 7 | S9: =P9+R9 -> 7
A10: 2 | B10: =+'Order Details Apr24 - Mar25'!P10 -> 45390 | D10: =+'Order Details Apr24 - Mar25'!T10 -> B V Biocrop, Hitech Division | F10: =+'Order Details Apr24 - Mar25'!D10 -> SAFEGARD (BV Biocrop) | H10: =+'Order Details Apr24 - Mar25'!G10 -> Ltr | I10: =+'Order Details Apr24 - Mar25'!I10 -> 100 | K10: =+'Order Details Apr24 - Mar25'!R10 -> PO / NBF / 080424 / 01 | N10: =+'Order Details Apr24 - Mar25'!F10*'Order Details Apr24 - Mar25'!N10 -> 26856.8 | R10: 7 | S10: =P10+R10 -> 7
A11: 3 | B11: =+'Order Details Apr24 - Mar25'!P11 -> 45390 | D11: =+'Order Details Apr24 - Mar25'!T11 -> Das Drug Centre Pvt Ltd, Habra | F11: =+'Order Details Apr24 - Mar25'!D11 -> ELECTROCARE PLUS (Cargill) | H11: =+'Order Details Apr24 - Mar25'!G11 -> Kg | I11: =+'Order Details Apr24 - Mar25'!I11 -> 200 | K11: =+'Order Details Apr24 - Mar25'!R11 -> PO / NBF / 080424 / 02 | N11: =+'Order Details Apr24 - Mar25'!F11*'Order Details Apr24 - Mar25'!N11 -> 37800 | R11: 7 | S11: =P11+R11 -> 7
A12: 4 | B12: =+'Order Details Apr24 - Mar25'!P12 -> 45390 | D12: =+'Order Details Apr24 - Mar25'!T12 -> Das Drug Centre Pvt Ltd, Habra | F12: =+'Order Details Apr24 - Mar25'!D12 -> E CARE SE (Cargill) | H12: =+'Order Details Apr24 - Mar25'!G12 -> Gms | I12: =+'Order Details Apr24 - Mar25'!I12 -> 60000 | K12: =+'Order Details Apr24 - Mar25'!R12 -> PO / NBF / 080424 / 02 | N12: =+'Order Details Apr24 - Mar25'!F12*'Order Details Apr24 - Mar25'!N12 -> 57000 | R12: 45 | S12: =P12+R12 -> 45
A13: 5 | B13: =+'Order Details Apr24 - Mar25'!P13 -> 45390 | D13: =+'Order Details Apr24 - Mar25'!T13 -> Das Drug Centre Pvt Ltd, Habra | F13: =+'Order Details Apr24 - Mar25'!D13 -> FAMITONE (Zenex-AH) | H13: =+'Order Details Apr24 - Mar25'!G13 -> Ltr | I13: =+'Order Details Apr24 - Mar25'!I13 -> 48 | K13: =+'Order Details Apr24 - Mar25'!R13 -> PO / NBF / 080424 / 02 | N13: =+'Order Details Apr24 - Mar25'!F13*'Order Details Apr24 - Mar25'!N13 -> 27840 | R13: 45 | S13: =P13+R13 -> 45
A14: 6 | B14: =+'Order Details Apr24 - Mar25'!P14 -> 45390 | D14: =+'Order Details Apr24 - Mar25'!T14 -> Das Drug Centre Pvt Ltd, Habra | F14: =+'Order Details Apr24 - Mar25'!D14 -> HERBAL-C Liquid (Indian Herbs) | H14: =+'Order Details Apr24 - Mar25'!G14 -> Ltr | I14: =+'Order Details Apr24 - Mar25'!I14 -> 200 | K14: =+'Order Details Apr24 - Mar25'!R14 -> PO / NBF / 080424 / 02 | N14: =+'Order Details Apr24 - Mar25'!F14*'Order Details Apr24 - Mar25'!N14 -> 29200 | R14: 45 | S14: =P14+R14 -> 45
A15: 7 | B15: =+'Order Details Apr24 - Mar25'!P15 -> 45390 | D15: =+'Order Details Apr24 - Mar25'!T15 -> Jeco Agrovet Pvt Ltd Kolkata | F15: =+'Order Details Apr24 - Mar25'!D15 -> ROVIMIX BREEDER (DSM) | H15: =+'Order Details Apr24 - Mar25'!G15 -> Kg | I15: =+'Order Details Apr24 - Mar25'!I15 -> 1000 | K15: =+'Order Details Apr24 - Mar25'!R15 -> PO / NBF / 080424 / 03 | N15: =+'Order Details Apr24 - Mar25'!F15*'Order Details Apr24 - Mar25'!N15 -> 487000 | R15: 45 | S15: =P15+R15 -> 45
A16: 8 | B16: =+'Order Details Apr24 - Mar25'!P16 -> 45390 | D16: =+'Order Details Apr24 - Mar25'!T16 -> Venkys India Ltd (AHP Division) | F16: =+'Order Details Apr24 - Mar25'!D16 -> SELVIT-E (AHP Division) | H16: =+'Order Details Apr24 - Mar25'!G16 -> Gms | I16: =+'Order Details Apr24 - Mar25'!I16 -> 42000 | K16: =+'Order Details Apr24 - Mar25'!R16 -> PO / NBF / 080424 / 04 | N16: =+'Order Details Apr24 - Mar25'!F16*'Order Details Apr24 - Mar25'!N16 -> 42000 | R16: 7 | S16: =P16+R16 -> 7
A17: 9 | B17: =+'Order Details Apr24 - Mar25'!P17 -> 45394 | D17: =+'Order Details Apr24 - Mar25'!T17 -> Alltech Biotechnology Pvt Ltd | F17: =+'Order Details Apr24 - Mar25'!D17 -> BIOPLEX PRIME (Alltech) | H17: =+'Order Details Apr24 - Mar25'!G17 -> Kg | I17: =+'Order Details Apr24 - Mar25'!I17 -> 500 | K17: =+'Order Details Apr24 - Mar25'!R17 -> PO / NBF / 120424 / 05 | N17: =+'Order Details Apr24 - Mar25'!F17*'Order Details Apr24 - Mar25'!N17 -> 134000 | R17: 7 | S17: =P17+R17 -> 7
A18: 10 | B18: =+'Order Details Apr24 - Mar25'!P18 -> 45394 | D18: =+'Order Details Apr24 - Mar25'!T18 -> Das Drug Centre Pvt Ltd, Habra | F18: =+'Order Details Apr24 - Mar25'!D18 -> PHYTOCEE (Natural Remedies) | H18: =+'Order Details Apr24 - Mar25'!G18 -> Kg | I18: =+'Order Details Apr24 - Mar25'!I18 -> 1000 | K18: =+'Order Details Apr24 - Mar25'!R18 -> PO / NBF / 120424 / 06 | N18: =+'Order Details Apr24 - Mar25'!F18*'Order Details Apr24 - Mar25'!N18 -> 194000 | R18: 45 | S18: =P18+R18 -> 45
A19: 11 | B19: =+'Order Details Apr24 - Mar25'!P19 -> 45394 | D19: =+'Order Details Apr24 - Mar25'!T19 -> Varsha Multitech, Bangallore | F19: =+'Order Details Apr24 - Mar25'!D19 -> HEPATOCARE PREMIX (Varsha) | H19: =+'Order Details Apr24 - Mar25'!G19 -> Kg | I19: =+'Order Details Apr24 - Mar25'!I19 -> 1000 | K19: =+'Order Details Apr24 - Mar25'!R19 -> PO / NBF / 120424 / 07 | N19: =+'Order Details Apr24 - Mar25'!F19*'Order Details Apr24 - Mar25'!N19 -> 50000 | R19: 45 | S19: =P19+R19 -> 45
A20: 12 | B20: =+'Order Details Apr24 - Mar25'!P20 -> 45399 | D20: =+'Order Details Apr24 - Mar25'!T20 -> B V Biocrop, Hitech Division | F20: =+'Order Details Apr24 - Mar25'!D20 -> TRACEMIN BB (BV Biocrop) | H20: =+'Order Details Apr24 - Mar25'!G20 -> Kg | I20: =+'Order Details Apr24 - Mar25'!I20 -> 1020 | K20: =+'Order Details Apr24 - Mar25'!R20 -> PO / NBF / 120424 / 08 | N20: =+'Order Details Apr24 - Mar25'!F20*'Order Details Apr24 - Mar25'!N20 -> 66538 | R20: 7 | S20: =P20+R20 -> 7
... A175: 167 | B175: =+'Order Details Apr24 - Mar25'!P175 -> 45583 | D175: =+'Order Details Apr24 - Mar25'!T175 -> Venkateshwara Hatcheries Ltd | F175: =+'Order Details Apr24 - Mar25'!D175 -> ND (Lasota) Live Vaccine | H175: =+'Order Details Apr24 - Mar25'!G175 -> Dose | I175: =+'Order Details Apr24 - Mar25'!I175 -> 90000 | K175: =+'Order Details Apr24 - Mar25'!R175 -> PO / NBF / 181024 / 115 | N175: =+'Order Details Apr24 - Mar25'!F175*'Order Details Apr24 - Mar25'!N175 -> 5292 | R175: 7 | S175: =P175+R175 -> 7
A176: 168 | B176: =+'Order Details Apr24 - Mar25'!P176 -> CANCELLED | D176: =+'Order Details Apr24 - Mar25'!T176 -> P P & B Mart Pvt Ltd Habra WB | F176: =+'Order Details Apr24 - Mar25'!D176 -> TOXOL LIQUID (Vesper) | H176: =+'Order Details Apr24 - Mar25'!G176 -> Ltr | I176: =+'Order Details Apr24 - Mar25'!I176 -> 200 | K176: =+'Order Details Apr24 - Mar25'!R176 -> PO / NBF / 211024 / 116 | N176: =+'Order Details Apr24 - Mar25'!F176*'Order Details Apr24 - Mar25'!N176 -> 38000 | R176: Cancell | S176: =P176+R176 -> #VALUE!
A177: 169 | B177: =+'Order Details Apr24 - Mar25'!P177 -> 45591 | D177: =+'Order Details Apr24 - Mar25'!T177 -> Alivira Animal Health Ltd Mumbai | F177: =+'Order Details Apr24 - Mar25'!D177 -> ALVIBAC - MD (Alivira) | H177: =+'Order Details Apr24 - Mar25'!G177 -> Kg | I177: =+'Order Details Apr24 - Mar25'!I177 -> 500 | K177: =+'Order Details Apr24 - Mar25'!R177 -> PO / NBF / 261024 / 117 | N177: =+'Order Details Apr24 - Mar25'!F177*'Order Details Apr24 - Mar25'!N177 -> 125000 | R177: 45 | S177: =P177+R177 -> 45
A178: 170 | B178: =+'Order Details Apr24 - Mar25'!P178 -> 45591 | D178: =+'Order Details Apr24 - Mar25'!T178 -> Alltech Biotechnology Pvt Ltd | F178: =+'Order Details Apr24 - Mar25'!D178 -> BIOPLEX PRIME (Alltech) | H178: =+'Order Details Apr24 - Mar25'!G178 -> Kg | I178: =+'Order Details Apr24 - Mar25'!I178 -> 500 | K178: =+'Order Details Apr24 - Mar25'!R178 -> PO / NBF / 261024 / 118 | N178: =+'Order Details Apr24 - Mar25'!F178*'Order Details Apr24 - Mar25'!N178 -> 120000 | R178: 7 | S178: =P178+R178 -> 7
A179: 171 | B179: =+'Order Details Apr24 - Mar25'!P179 -> 45595 | D179: =+'Order Details Apr24 - Mar25'!T179 -> Trouw Nutrition India Pvt Ltd | F179: =+'Order Details Apr24 - Mar25'!D179 -> INORGANIC TRACE MINERALS (Trouw) | H179: =+'Order Details Apr24 - Mar25'!G179 -> Kg | I179: =+'Order Details Apr24 - Mar25'!I179 -> 350 | K179: =+'Order Details Apr24 - Mar25'!R179 -> PO / NBF / 301024 / 119 | N179: =+'Order Details Apr24 - Mar25'!F179*'Order Details Apr24 - Mar25'!N179 -> 38500 | R179: 45 | S179: =P179+R179 -> 45
A180: 172 | B180: =+'Order Details Apr24 - Mar25'!P180 -> 45608 | D180: =+'Order Details Apr24 - Mar25'!T180 -> Sneha Farms Pvt Ltd Hyderabad | F180: =+'Order Details Apr24 - Mar25'!D180 -> ALKAKARB (Tata Chemicals) | H180: =+'Order Details Apr24 - Mar25'!G180 -> Kg | I180: =+'Order Details Apr24 - Mar25'!I180 -> 2000 | K180: =+'Order Details Apr24 - Mar25'!R180 -> PO / NBF / 301024 / 120 | N180: =+'Order Details Apr24 - Mar25'!F180*'Order Details Apr24 - Mar25'!N180 -> 90000.96 | R180: 7 | S180: =P180+R180 -> 7
A181: 173 | B181: =+'Order Details Apr24 - Mar25'!P181 -> 45608 | D181: =+'Order Details Apr24 - Mar25'!T181 -> Venkateshwara Marketing Hyd | F181: =+'Order Details Apr24 - Mar25'!D181 -> Nobilis IB MA-5+Clone-30 Live Vac (MSD) | H181: =+'Order Details Apr24 - Mar25'!G181 -> Dose | I181: =+'Order Details Apr24 - Mar25'!I181 -> 250000 | K181: =+'Order Details Apr24 - Mar25'!R181 -> PO / NBF / 301024 / 121 | N181: =+'Order Details Apr24 - Mar25'!F181*'Order Details Apr24 - Mar25'!N181 -> 91875 | R181: 45 | S181: =P181+R181 -> 45
A182: 174 | B182: =+'Order Details Apr24 - Mar25'!P182 -> 45611 | D182: =+'Order Details Apr24 - Mar25'!T182 -> Das Drug Centre Pvt Ltd, Habra | F182: =+'Order Details Apr24 - Mar25'!D182 -> VALOSIN (Timoeva Wellness) | H182: =+'Order Details Apr24 - Mar25'!G182 -> Kg | I182: =+'Order Details Apr24 - Mar25'!I182 -> 14 | K182: =+'Order Details Apr24 - Mar25'!R182 -> PO / NBF / 151124 / 122 | N182: =+'Order Details Apr24 - Mar25'!F182*'Order Details Apr24 - Mar25'!N182 -> 357280 | R182: 45 | S182: =P182+R182 -> 45
A183: 175 | B183: =+'Order Details Apr24 - Mar25'!P183 -> 45625 | D183: =+'Order Details Apr24 - Mar25'!T183 -> Alivira Animal Health Ltd Mumbai | F183: =+'Order Details Apr24 - Mar25'!D183 -> CITRINAL (Alivira) | H183: =+'Order Details Apr24 - Mar25'!G183 -> Kg | I183: =+'Order Details Apr24 - Mar25'!I183 -> 500 | K183: =+'Order Details Apr24 - Mar25'!R183 -> PO / NBF / 291124 / 123 | N183: =+'Order Details Apr24 - Mar25'!F183*'Order Details Apr24 - Mar25'!N183 -> 72500 | R183: 7 | S183: =P183+R183 -> 7
A184: 176 | B184: =+'Order Details Apr24 - Mar25'!P184 -> 45625 | D184: =+'Order Details Apr24 - Mar25'!T184 -> APC Nutrients Limited Hyderabad | F184: =+'Order Details Apr24 - Mar25'!D184 -> VOLAMEL EXTRA (Nukamel) | H184: =+'Order Details Apr24 - Mar25'!G184 -> Kg | I184: =+'Order Details Apr24 - Mar25'!I184 -> 500 | K184: =+'Order Details Apr24 - Mar25'!R184 -> PO / NBF / 291124 / 124 | N184: =+'Order Details Apr24 - Mar25'!F184*'Order Details Apr24 - Mar25'!N184 -> 285000 | R184: 7 | S184: =P184+R184 -> 7
A185: 177 | B185: =+'Order Details Apr24 - Mar25'!P185 -> 45630 | D185: =+'Order Details Apr24 - Mar25'!T185 -> Das Drug Centre Pvt Ltd, Habra | F185: =+'Order Details Apr24 - Mar25'!D185 -> VALOSIN (Timoeva Wellness) | H185: =+'Order Details Apr24 - Mar25'!G185 -> Kg | I185: =+'Order Details Apr24 - Mar25'!I185 -> 14 | K185: =+'Order Details Apr24 - Mar25'!R185 -> PO / NBF / 041224 / 125 | N185: =+'Order Details Apr24 - Mar25'!F185*'Order Details Apr24 - Mar25'!N185 -> 357280 | R185: 45 | S185: =P185+R185 -> 45
A186: 178 | B186: =+'Order Details Apr24 - Mar25'!P186 -> 45630 | D186: =+'Order Details Apr24 - Mar25'!T186 -> Healers Associates, Vijayawada | F186: =+'Order Details Apr24 - Mar25'!D186 -> SPERMED-M (Medichem Product) | H186: =+'Order Details Apr24 - Mar25'!G186 -> Kg | I186: =+'Order Details Apr24 - Mar25'!I186 -> 40 | K186: =+'Order Details Apr24 - Mar25'!R186 -> PO / NBF / 041224 / 126 | N186: =+'Order Details Apr24 - Mar25'!F186*'Order Details Apr24 - Mar25'!N186 -> 140000 | R186: 45 | S186: =P186+R186 -> 45
A187: 179 | B187: =+'Order Details Apr24 - Mar25'!P187 -> 45630 | D187: =+'Order Details Apr24 - Mar25'!T187 -> Hester Biosciences Limited | F187: =+'Order Details Apr24 - Mar25'!D187 -> INACTIVATED PULLET(LPAI) VAC | H187: =+'Order Details Apr24 - Mar25'!G187 -> Dose | I187: =+'Order Details Apr24 - Mar25'!I187 -> 35000 | K187: =+'Order Details Apr24 - Mar25'!R187 -> PO / NBF / 041224 / 127 | N187: =+'Order Details Apr24 - Mar25'!F187*'Order Details Apr24 - Mar25'!N187 -> 34729.485 | R187: 7 | S187: =P187+R187 -> 7
A188: 180 | B188: =+'Order Details Apr24 - Mar25'!P188 -> 45630 | D188: =+'Order Details Apr24 - Mar25'!T188 -> Venkateshwara Hatcheries Ltd | F188: =+'Order Details Apr24 - Mar25'!D188 -> AE KILLED VAC | H188: =+'Order Details Apr24 - Mar25'!G188 -> Dose | I188: =+'Order Details Apr24 - Mar25'!I188 -> 29000 | K188: =+'Order Details Apr24 - Mar25'!R188 -> PO / NBF / 041224 / 128 | N188: =+'Order Details Apr24 - Mar25'!F188*'Order Details Apr24 - Mar25'!N188 -> 60747.75 | R188: 7 | S188: =P188+R188 -> 7
... A265: 257 | B265: =+'Order Details Apr24 - Mar25'!P265 -> 45746 | D265: =+'Order Details Apr24 - Mar25'!T265 -> Alltech Biotechnology Pvt Ltd | F265: =+'Order Details Apr24 - Mar25'!D265 -> MYCOSORB A+ (Alltech) | H265: =+'Order Details Apr24 - Mar25'!G265 -> Kg | I265: =+'Order Details Apr24 - Mar25'!I265 -> 1000 | K265: =+'Order Details Apr24 - Mar25'!R265 -> PO / NBF / 300325 / 166 | N265: =+'Order Details Apr24 - Mar25'!F265*'Order Details Apr24 - Mar25'!N265 -> 250000 | R265: 7 | S265: =P265+R265 -> 7
A266: 258 | B266: =+'Order Details Apr24 - Mar25'!P266 -> 0 | D266: =+'Order Details Apr24 - Mar25'!T266 -> 0 | F266: =+'Order Details Apr24 - Mar25'!D266 -> 0 | H266: =+'Order Details Apr24 - Mar25'!G266 -> 0 | I266: =+'Order Details Apr24 - Mar25'!I266 -> 0 | K266: =+'Order Details Apr24 - Mar25'!R266 -> 0 | N266: =+'Order Details Apr24 - Mar25'!F266*'Order Details Apr24 - Mar25'!N266 -> 0 | S266: =P266+R266 -> 0
A267: 259 | B267: =+'Order Details Apr24 - Mar25'!P267 -> 0 | D267: =+'Order Details Apr24 - Mar25'!T267 -> 0 | F267: =+'Order Details Apr24 - Mar25'!D267 -> 0 | H267: =+'Order Details Apr24 - Mar25'!G267 -> 0 | I267: =+'Order Details Apr24 - Mar25'!I267 -> 0 | K267: =+'Order Details Apr24 - Mar25'!R267 -> 0 | N267: =+'Order Details Apr24 - Mar25'!F267*'Order Details Apr24 - Mar25'!N267 -> 0 | S267: =P267+R267 -> 0
A268: 260 | B268: =+'Order Details Apr24 - Mar25'!P268 -> 0 | D268: =+'Order Details Apr24 - Mar25'!T268 -> 0 | F268: =+'Order Details Apr24 - Mar25'!D268 -> 0 | H268: =+'Order Details Apr24 - Mar25'!G268 -> 0 | I268: =+'Order Details Apr24 - Mar25'!I268 -> 0 | K268: =+'Order Details Apr24 - Mar25'!R268 -> 0 | N268: =+'Order Details Apr24 - Mar25'!F268*'Order Details Apr24 - Mar25'!N268 -> 0 | S268: =P268+R268 -> 0
A269: 261 | B269: =+'Order Details Apr24 - Mar25'!P269 -> 0 | D269: =+'Order Details Apr24 - Mar25'!T269 -> 0 | F269: =+'Order Details Apr24 - Mar25'!D269 -> 0 | H269: =+'Order Details Apr24 - Mar25'!G269 -> 0 | I269: =+'Order Details Apr24 - Mar25'!I269 -> 0 | K269: =+'Order Details Apr24 - Mar25'!R269 -> 0 | N269: =+'Order Details Apr24 - Mar25'!F269*'Order Details Apr24 - Mar25'!N269 -> 0 | S269: =P269+R269 -> 0
A270: 262 | B270: =+'Order Details Apr24 - Mar25'!P270 -> 0 | D270: =+'Order Details Apr24 - Mar25'!T270 -> 0 | F270: =+'Order Details Apr24 - Mar25'!D270 -> 0 | H270: =+'Order Details Apr24 - Mar25'!G270 -> 0 | I270: =+'Order Details Apr24 - Mar25'!I270 -> 0 | K270: =+'Order Details Apr24 - Mar25'!R270 -> 0 | N270: =+'Order Details Apr24 - Mar25'!F270*'Order Details Apr24 - Mar25'!N270 -> 0 | S270: =P270+R270 -> 0
A271: 263 | B271: =+'Order Details Apr24 - Mar25'!P271 -> 0 | D271: =+'Order Details Apr24 - Mar25'!T271 -> 0 | F271: =+'Order Details Apr24 - Mar25'!D271 -> 0 | H271: =+'Order Details Apr24 - Mar25'!G271 -> 0 | I271: =+'Order Details Apr24 - Mar25'!I271 -> 0 | K271: =+'Order Details Apr24 - Mar25'!R271 -> 0 | N271: =+'Order Details Apr24 - Mar25'!F271*'Order Details Apr24 - Mar25'!N271 -> 0 | S271: =P271+R271 -> 0
A272: 264 | B272: =+'Order Details Apr24 - Mar25'!P272 -> 0 | D272: =+'Order Details Apr24 - Mar25'!T272 -> 0 | F272: =+'Order Details Apr24 - Mar25'!D272 -> 0 | H272: =+'Order Details Apr24 - Mar25'!G272 -> 0 | I272: =+'Order Details Apr24 - Mar25'!I272 -> 0 | K272: =+'Order Details Apr24 - Mar25'!R272 -> 0 | N272: =+'Order Details Apr24 - Mar25'!F272*'Order Details Apr24 - Mar25'!N272 -> 0 | S272: =P272+R272 -> 0
A273: 265 | B273: =+'Order Details Apr24 - Mar25'!P273 -> 0 | D273: =+'Order Details Apr24 - Mar25'!T273 -> 0 | F273: =+'Order Details Apr24 - Mar25'!D273 -> 0 | H273: =+'Order Details Apr24 - Mar25'!G273 -> 0 | I273: =+'Order Details Apr24 - Mar25'!I273 -> 0 | K273: =+'Order Details Apr24 - Mar25'!R273 -> 0 | N273: =+'Order Details Apr24 - Mar25'!F273*'Order Details Apr24 - Mar25'!N273 -> 0 | S273: =P273+R273 -> 0
A274: 266 | B274: =+'Order Details Apr24 - Mar25'!P274 -> 0 | D274: =+'Order Details Apr24 - Mar25'!T274 -> 0 | F274: =+'Order Details Apr24 - Mar25'!D274 -> 0 | H274: =+'Order Details Apr24 - Mar25'!G274 -> 0 | I274: =+'Order Details Apr24 - Mar25'!I274 -> 0 | K274: =+'Order Details Apr24 - Mar25'!R274 -> 0 | N274: =+'Order Details Apr24 - Mar25'!F274*'Order Details Apr24 - Mar25'!N274 -> 0 | S274: =P274+R274 -> 0
A275: 267 | B275: =+'Order Details Apr24 - Mar25'!P275 -> 0 | D275: =+'Order Details Apr24 - Mar25'!T275 -> 0 | F275: =+'Order Details Apr24 - Mar25'!D275 -> 0 | H275: =+'Order Details Apr24 - Mar25'!G275 -> 0 | I275: =+'Order Details Apr24 - Mar25'!I275 -> 0 | K275: =+'Order Details Apr24 - Mar25'!R275 -> 0 | N275: =+'Order Details Apr24 - Mar25'!F275*'Order Details Apr24 - Mar25'!N275 -> 0 | S275: =P275+R275 -> 0
A276: 268 | B276: =+'Order Details Apr24 - Mar25'!P276 -> 0 | D276: =+'Order Details Apr24 - Mar25'!T276 -> 0 | F276: =+'Order Details Apr24 - Mar25'!D276 -> 0 | H276: =+'Order Details Apr24 - Mar25'!G276 -> 0 | I276: =+'Order Details Apr24 - Mar25'!I276 -> 0 | K276: =+'Order Details Apr24 - Mar25'!R276 -> 0 | N276: =+'Order Details Apr24 - Mar25'!F276*'Order Details Apr24 - Mar25'!N276 -> 0 | S276: =P276+R276 -> 0
A277: 269 | B277: =+'Order Details Apr24 - Mar25'!P277 -> 0 | D277: =+'Order Details Apr24 - Mar25'!T277 -> 0 | F277: =+'Order Details Apr24 - Mar25'!D277 -> 0 | H277: =+'Order Details Apr24 - Mar25'!G277 -> 0 | I277: =+'Order Details Apr24 - Mar25'!I277 -> 0 | K277: =+'Order Details Apr24 - Mar25'!R277 -> 0 | N277: =+'Order Details Apr24 - Mar25'!F277*'Order Details Apr24 - Mar25'!N277 -> 0 | S277: =P277+R277 -> 0
... A350: 342 | B350: =+'Order Details Apr24 - Mar25'!P350 -> 0 | D350: =+'Order Details Apr24 - Mar25'!T350 -> 0 | F350: =+'Order Details Apr24 - Mar25'!D350 -> 0 | H350: =+'Order Details Apr24 - Mar25'!G350 -> 0 | I350: =+'Order Details Apr24 - Mar25'!I350 -> 0 | K350: =+'Order Details Apr24 - Mar25'!R350 -> 0 | N350: =+'Order Details Apr24 - Mar25'!F350*'Order Details Apr24 - Mar25'!N350 -> 0 | S350: =P350+R350 -> 0

Sheet Order Details Apr25 - Mar26
B3: NBF | G3: ORDER DETAILS AS PER INDENT OF NARAENDRA BREEDING FARMS | T3: Last update as on 31.03.2026
B5: INDENT | D5: NARAENDRA FARMS | F5: D E T A I L S A B O U T I T E M | K5: D E T A I L S A B O U T P R I C E | P5: D E T A I L S A B O U T P U R C H A S E O R D E R
B7: DATE OF INDENT | D7: ITEM DESCRIPTION | F7: REQUIRE QTY | G7: PACK SIZE | H7: OREDR QTY | I7: UOM | K7: PRICE | L7: GST % | M7: GST Crgs | N7: NET PRICE | P7: PO RAISED ON | R7: PO CODE DATE / NO | T7: NAME OF SUPPLIER
A9: 1 | B9: N A | D9: Not Issued by mistake | M9: =K9*L9 -> 0 | N9: =K9+M9 -> 0 | R9: PO / NBF / 080425 / 001 | T9: Not Issued by mistake
A10: 2 | B10: 45756 | D10: MG BAC KILLED VAC (Zoetis) | F10: 100 | G10: 1000 | H10: =F10*G10 -> 100000 | I10: Dose | K10: 6982 | L10: 0.05 | M10: =K10*L10 -> 349.1 | N10: =K10+M10 -> 7331.1 | P10: 45757 | R10: PO / NBF / 100425 / 002 | T10: Das Drug Centre Pvt Ltd, Habra
A11: 3 | B11: 45756 | D11: VALOSIN (Timoeva Wellness) | F11: 1 | G11: 14 | H11: =F11*G11 -> 14 | I11: Kg | K11: 319000 | L11: 0.12 | M11: =K11*L11 -> 38280 | N11: =K11+M11 -> 357280 | P11: 45757 | R11: PO / NBF / 100425 / 002 | T11: Das Drug Centre Pvt Ltd, Habra
A12: 4 | B12: 45756 | D12: ILT (G-10000) Live Vaccine | F12: 50 | G12: 1000 | H12: =F12*G12 -> 50000 | I12: Dose | K12: 1500 | L12: 0.05 | M12: =K12*L12 -> 75 | N12: =K12+M12 -> 1575 | P12: 45757 | R12: PO / NBF / 100425 / 003 | T12: Hester Biosciences Ltd Hyderabad
A13: 5 | B13: 45756 | D13: Inactivated Pullet ND (HPAI) VAC | F13: 50 | G13: 1000 | H13: =F13*G13 -> 50000 | I13: Dose | K13: 2498.91 | L13: 0.05 | M13: =K13*L13 -> 124.9455 | N13: =K13+M13 -> 2623.8555 | P13: 45757 | R13: PO / NBF / 100425 / 003 | T13: Hester Biosciences Ltd Hyderabad
A14: 6 | B14: 45756 | D14: IB (MassType) Live Vacine | F14: 50 | G14: 1000 | H14: =F14*G14 -> 50000 | I14: Dose | K14: 106 | L14: 0.05 | M14: =K14*L14 -> 5.3 | N14: =K14+M14 -> 111.3 | P14: 45757 | R14: PO / NBF / 100425 / 004 | T14: Venkateshwara Hatcheries Ltd
A15: 7 | B15: 45756 | D15: Fowl Pox Live Vaccine | F15: 50 | G15: 1000 | H15: =F15*G15 -> 50000 | I15: Dose | K15: 125 | L15: 0.05 | M15: =K15*L15 -> 6.25 | N15: =K15+M15 -> 131.25 | P15: 45757 | R15: PO / NBF / 100425 / 004 | T15: Venkateshwara Hatcheries Ltd
A16: 8 | B16: 45756 | D16: AE KILLED VAC | F16: 50 | G16: 1000 | H16: =F16*G16 -> 50000 | I16: Dose | K16: 1995 | L16: 0.05 | M16: =K16*L16 -> 99.75 | N16: =K16+M16 -> 2094.75 | P16: 45757 | R16: PO / NBF / 100425 / 004 | T16: Venkateshwara Hatcheries Ltd
A17: 9 | B17: 45756 | D17: IB ASTRO (AEIBH) KILLED VAC | F17: 50 | G17: 1000 | H17: =F17*G17 -> 50000 | I17: Dose | K17: 3255 | L17: 0.05 | M17: =K17*L17 -> 162.75 | N17: =K17+M17 -> 3417.75 | P17: 45757 | R17: PO / NBF / 100425 / 004 | T17: Venkateshwara Hatcheries Ltd
A18: 10 | B18: 45756 | D18: IBD KILLED VAC (Venkys) | F18: 125 | G18: 400 | H18: =F18*G18 -> 50000 | I18: Dose | K18: 896 | L18: 0.05 | M18: =K18*L18 -> 44.8 | N18: =K18+M18 -> 940.8 | P18: 45757 | R18: PO / NBF / 100425 / 004 | T18: Venkateshwara Hatcheries Ltd
A19: 11 | B19: 45756 | D19: IBH KILLED VAC (Venkys) | F19: 50 | G19: 1000 | H19: =F19*G19 -> 50000 | I19: Dose | K19: 1575 | L19: 0.05 | M19: =K19*L19 -> 78.75 | N19: =K19+M19 -> 1653.75 | P19: 45757 | R19: PO / NBF / 100425 / 004 | T19: Venkateshwara Hatcheries Ltd
A20: 12 | B20: 45756 | D20: SALMONELLA KILLED VAC | F20: 50 | G20: 1000 | H20: =F20*G20 -> 50000 | I20: Dose | K20: 2835 | L20: 0.05 | M20: =K20*L20 -> 141.75 | N20: =K20+M20 -> 2976.75 | P20: 45757 | R20: PO / NBF / 100425 / 004 | T20: Venkateshwara Hatcheries Ltd
A21: 13 | B21: 45756 | D21: VENNEW BRO (ND+IB Multi) KILLED | F21: 50 | G21: 1000 | H21: =F21*G21 -> 50000 | I21: Dose | K21: 3145 | L21: 0.05 | M21: =K21*L21 -> 157.25 | N21: =K21+M21 -> 3302.25 | P21: 45757 | R21: PO / NBF / 100425 / 004 | T21: Venkateshwara Hatcheries Ltd
... A27: 19 | B27: 45756 | D27: Nobilis REO INAC KILLED VAC (MSD) | F27: 50 | G27: 1000 | H27: =F27*G27 -> 50000 | I27: Dose | K27: 3432 | L27: 0.05 | M27: =K27*L27 -> 171.6 | N27: =K27+M27 -> 3603.6 | P27: 45757 | R27: PO / NBF / 100425 / 005 | T27: Venkateshwara Marketing Hyd
A28: 20 | B28: 45776 | D28: CITRINAL (Alivira) | F28: 25 | G28: 20 | H28: =F28*G28 -> 500 | I28: Kg | K28: 2900 | M28: =K28*L28 -> 0 | N28: =K28+M28 -> 2900 | P28: 45777 | R28: PO / NBF / 300425 / 006 | T28: Alivira Animal Health Ltd
A29: 21 | B29: 45776 | D29: BIOPLEX PRIME (Alltech) | F29: 20 | G29: 25 | H29: =F29*G29 -> 500 | I29: Kg | K29: 6000 | M29: =K29*L29 -> 0 | N29: =K29+M29 -> 6000 | P29: 45777 | R29: PO / NBF / 300425 / 007 | T29: Alltech Biotechnology Pvt Ltd
A30: 22 | B30: 45776 | D30: VOLAMEL EXTRA (Nukamel) | F30: 20 | G30: 25 | H30: =F30*G30 -> 500 | I30: Kg | K30: 14250 | M30: =K30*L30 -> 0 | N30: =K30+M30 -> 14250 | P30: 45777 | R30: PO / NBF / 300425 / 008 | T30: APC Nutrients Pvt Ltd Hyderabad
A31: 23 | B31: 45776 | D31: LIV-52 PROTEC Powder (Himalaya) | F31: 500 | G31: 1 | H31: =F31*G31 -> 500 | I31: Kg | K31: 45 | M31: =K31*L31 -> 0 | N31: =K31+M31 -> 45 | P31: 45777 | R31: PO / NBF / 300425 / 009 | T31: Das Drug Centre Pvt Ltd, Habra
A32: 24 | B32: 45776 | D32: ROVIMIX-E 50 (DSM) | F32: 8 | G32: 25 | H32: =F32*G32 -> 200 | I32: Kg | K32: 44250 | M32: =K32*L32 -> 0 | N32: =K32+M32 -> 44250 | P32: 45777 | R32: PO / NBF / 300425 / 010 | T32: Jeco Agrovet Pvt Ltd Kolkata
A33: 25 | B33: 45776 | D33: KEMZYME - XPF (Kemin) | F33: 10 | G33: 25 | H33: =F33*G33 -> 250 | I33: Kg | K33: 6050 | M33: =K33*L33 -> 0 | N33: =K33+M33 -> 6050 | P33: 45777 | R33: PO / NBF / 300425 / 011 | T33: Kemin Industries South Asia
A34: 26 | B34: 45780 | D34: BVCLO2 (10 Gram) TAB | E34: R | F34: 20 | G34: 50 | H34: =F34*G34 -> 1000 | I34: Pcs | J34: R | K34: 1000 | L34: 0.18 | M34: =K34*L34 -> 180 | N34: =K34+M34 -> 1180 | P34: 45780 | R34: PO / NBF / 030525 / 012 | T34: B V Biocrop - Hitech Division
A35: 27 | B35: 45780 | D35: B-904 (BV Biocrop) | F35: 12 | G35: 5 | H35: =F35*G35 -> 60 | I35: Ltr | K35: 3273 | L35: 0.18 | M35: =K35*L35 -> 589.14 | N35: =K35+M35 -> 3862.14 | P35: 45780 | R35: PO / NBF / 030525 / 012 | T35: B V Biocrop - Hitech Division
A36: 28 | B36: 45780 | D36: SAFEGARD (BV Biocrop) | F36: 20 | G36: 5 | H36: =F36*G36 -> 100 | I36: Ltr | J36: R | K36: 1172 | L36: 0.18 | M36: =K36*L36 -> 210.96 | N36: =K36+M36 -> 1382.96 | P36: 45780 | R36: PO / NBF / 030525 / 012 | T36: B V Biocrop - Hitech Division
A37: 29 | B37: 45780 | D37: BB - SCALONIL- 888 (B B Security) | F37: 100 | G37: 5 | H37: =F37*G37 -> 500 | I37: Ltr | K37: 540 | L37: 0.18 | M37: =K37*L37 -> 97.2 | N37: =K37+M37 -> 637.2 | P37: 45780 | R37: PO / NBF / 030525 / 013 | T37: Bhabani Bio Security Orisha
A38: 30 | B38: 45780 | D38: Hivit Injection (Zenex-AH) | F38: 200 | G38: 100 | H38: =F38*G38 -> 20000 | I38: Ml | K38: 102 | L38: 0.12 | M38: =K38*L38 -> 12.24 | N38: =K38+M38 -> 114.24 | P38: 45780 | R38: PO / NBF / 030525 / 014 | T38: Das Drug Centre Pvt Ltd, Habra
A39: 31 | B39: 45780 | D39: Tylomax Injection (Intas) | F39: 100 | G39: 100 | H39: =F39*G39 -> 10000 | I39: Ml | K39: 225 | L39: 0.12 | M39: =K39*L39 -> 27 | N39: =K39+M39 -> 252 | P39: 45780 | R39: PO / NBF / 030525 / 014 | T39: Das Drug Centre Pvt Ltd, Habra
A40: 32 | B40: 45780 | D40: Deforce Injection (Izda Healthcare) | F40: 500 | G40: 1 | H40: =F40*G40 -> 500 | I40: Ml | K40: 75 | L40: 0.12 | M40: =K40*L40 -> 9 | N40: =K40+M40 -> 84 | P40: 45780 | R40: PO / NBF / 030525 / 015 | T40: Izda Healthcare Ambala Cantonment
A41: 33 | B41: 45780 | D41: ND (Visa-15) KILLED VAC | F41: 50 | G41: 1000 | H41: =F41*G41 -> 50000 | I41: Dose | K41: 1025 | L41: 0.05 | M41: =K41*L41 -> 51.25 | N41: =K41+M41 -> 1076.25 | P41: 45780 | R41: PO / NBF / 030525 / 016 | T41: Venkateshwara Hatcheries Ltd
A42: 34 | B42: 45780 | D42: FLYVIN (We Care Animal Health) | F42: 100 | G42: 1 | H42: =F42*G42 -> 100 | I42: Kg | K42: 730 | M42: =K42*L42 -> 0 | N42: =K42+M42 -> 730 | P42: 45780 | R42: PO / NBF / 030525 / 017 | T42: We Care Animal Health Bengal
A43: 35 | B43: 45784 | D43: MEDVIT PLUS (Medichem Product) | F43: 100 | G43: 1 | H43: =F43*G43 -> 100 | I43: Ltr | K43: 550 | M43: =K43*L43 -> 0 | N43: =K43+M43 -> 550 | P43: 45784 | R43: PO / NBF / 070525 / 018 | T43: Healers Associates Vijayawada AP
A44: 36 | B44: 45776 | C44: U | D44: HIM-C (Himalaya) | F44: 144 | G44: 1 | H44: =F44*G44 -> 144 | I44: Kg | K44: 135 | M44: =K44*L44 -> 0 | N44: =K44+M44 -> 135 | P44: 45797 | R44: PO / NBF / 200525 / 019 | T44: Blue Print Brahmapur, Odisha
A45: 37 | B45: 45776 | C45: U | D45: HIM-C (Himalaya) | F45: 504 | G45: 1 | H45: =F45*G45 -> 504 | I45: Kg | K45: 135 | M45: =K45*L45 -> 0 | N45: =K45+M45 -> 135 | P45: 45797 | R45: PO / NBF / 200525 / 020 | T45: Das Drug Centre Pvt Ltd, Habra
A46: 38 | B46: 45798 | D46: HIPRAVIAR BPL-2 KILLED (Hipra) | F46: 46 | G46: 1000 | H46: =F46*G46 -> 46000 | I46: Dose | K46: 1875 | L46: 0.05 | M46: =K46*L46 -> 93.75 | N46: =K46+M46 -> 1968.75 | P46: 45798 | R46: PO / NBF / 210525 / 021 | T46: Das Drug Centre Pvt Ltd, Habra
A47: 39 | B47: 45798 | D47: TRI REO KILLED VAC (Zoetis) | F47: 49 | G47: 1000 | H47: =F47*G47 -> 49000 | I47: Dose | K47: 5615 | L47: 0.05 | M47: =K47*L47 -> 280.75 | N47: =K47+M47 -> 5895.75 | P47: 45798 | R47: PO / NBF / 210525 / 021 | T47: Das Drug Centre Pvt Ltd, Habra
A48: 40 | B48: 45798 | D48: IB-4/91 (FG/LIV/0027) Live Vaccine | F48: 41 | G48: 1000 | H48: =F48*G48 -> 41000 | I48: Dose | K48: 450 | L48: 0.05 | M48: =K48*L48 -> 22.5 | N48: =K48+M48 -> 472.5 | P48: 45798 | R48: PO / NBF / 210525 / 022 | T48: Hester Biosciences Ltd Hyderabad
A49: 41 | B49: 45798 | D49: EDS KILLED VAC | F49: 49 | G49: 1000 | H49: =F49*G49 -> 49000 | I49: Dose | K49: 1150 | L49: 0.05 | M49: =K49*L49 -> 57.5 | N49: =K49+M49 -> 1207.5 | P49: 45798 | R49: PO / NBF / 210525 / 022 | T49: Hester Biosciences Limited Hyd
A50: 42 | B50: 45798 | D50: ILT (G-10000) Live Vaccine | F50: 41 | G50: 1000 | H50: =F50*G50 -> 41000 | I50: Dose | K50: 1500.04 | L50: 0.05 | M50: =K50*L50 -> 75.002 | N50: =K50+M50 -> 1575.042 | P50: 45798 | R50: PO / NBF / 210525 / 022 | T50: Hester Biosciences Ltd Hyderabad
A51: 43 | B51: 45798 | D51: Inactivated Pullet ND (HPAI) VAC | F51: 70 | G51: 1000 | H51: =F51*G51 -> 70000 | I51: Dose | K51: 2499.31 | L51: 0.05 | M51: =K51*L51 -> 124.9655 | N51: =K51+M51 -> 2624.2755 | P51: 45798 | R51: PO / NBF / 210525 / 022 | T51: Hester Biosciences Ltd Hyderabad
A52: 44 | B52: 45798 | D52: Hipraviar Clon 79 (Hipra) | F52: 20 | G52: 2500 | H52: =F52*G52 -> 50000 | I52: Dose | K52: 296 | L52: 0.05 | M52: =K52*L52 -> 14.8 | N52: =K52+M52 -> 310.8 | P52: 45798 | R52: PO / NBF / 210525 / 023 | T52: Tara Enterprises Hyderabad
A53: 45 | B53: 45798 | D53: Hipraviar Clon+H-120 (Hipra) | F53: 100 | G53: 2500 | H53: =F53*G53 -> 250000 | I53: Dose | K53: 550 | L53: 0.05 | M53: =K53*L53 -> 27.5 | N53: =K53+M53 -> 577.5 | P53: 45798 | R53: PO / NBF / 210525 / 023 | T53: Tara Enterprises Hyderabad
A54: 46 | B54: 45798 | D54: IBD Intermediate (Standard) Live | F54: 41 | G54: 1000 | H54: =F54*G54 -> 41000 | I54: Dose | K54: 170 | L54: 0.05 | M54: =K54*L54 -> 8.5 | N54: =K54+M54 -> 178.5 | P54: 45798 | R54: PO / NBF / 210525 / 024 | T54: Venkateshwara Hatcheries Ltd
A55: 47 | B55: 45798 | D55: IBD Intermediate (Plus Type) Live | F55: 82 | G55: 1000 | H55: =F55*G55 -> 82000 | I55: Dose | J55: R | K55: 230 | L55: 0.05 | M55: =K55*L55 -> 11.5 | N55: =K55+M55 -> 241.5 | P55: 45798 | R55: PO / NBF / 210525 / 024 | T55: Venkateshwara Hatcheries Ltd
A56: 48 | B56: 45798 | D56: IB (Mass Type) Live Vacine | F56: 41 | G56: 1000 | H56: =F56*G56 -> 41000 | I56: Dose | K56: 106 | L56: 0.05 | M56: =K56*L56 -> 5.3 | N56: =K56+M56 -> 111.3 | P56: 45798 | R56: PO / NBF / 210525 / 024 | T56: Venkateshwara Hatcheries Ltd
A57: 49 | B57: 45798 | D57: ND (Lasota) Live Vaccine | F57: 41 | G57: 1000 | H57: =F57*G57 -> 41000 | I57: Dose | K57: 56 | L57: 0.05 | M57: =K57*L57 -> 2.8 | N57: =K57+M57 -> 58.8 | P57: 45798 | R57: PO / NBF / 210525 / 024 | T57: Venkateshwara Hatcheries Ltd
A58: 50 | B58: 45798 | D58: Fowl Pox (Pigeon IP) Live Vaccine | F58: 41 | G58: 1000 | H58: =F58*G58 -> 41000 | I58: Dose | K58: 142 | L58: 0.05 | M58: =K58*L58 -> 7.1 | N58: =K58+M58 -> 149.1 | P58: 45798 | R58: PO / NBF / 210525 / 024 | T58: Venkateshwara Hatcheries Ltd
A59: 51 | B59: 45798 | D59: R2B Live Vaccine | F59: 41 | G59: 1000 | H59: =F59*G59 -> 41000 | I59: Dose | K59: 126 | L59: 0.05 | M59: =K59*L59 -> 6.3 | N59: =K59+M59 -> 132.3 | P59: 45798 | R59: PO / NBF / 210525 / 024 | T59: Venkateshwara Hatcheries Ltd
A60: 52 | B60: 45798 | D60: VVMD (HVT+SB-1) Live Vaccine | F60: 82 | G60: 1000 | H60: =F60*G60 -> 82000 | I60: Dose | K60: 1961 | L60: 0.05 | M60: =K60*L60 -> 98.05 | N60: =K60+M60 -> 2059.05 | P60: 45798 | R60: PO / NBF / 210525 / 024 | T60: Venkateshwara Hatcheries Ltd
A61: 53 | B61: 45798 | D61: AE KILLED VAC | F61: 49 | G61: 1000 | H61: =F61*G61 -> 49000 | I61: Dose | K61: 1995 | L61: 0.05 | M61: =K61*L61 -> 99.75 | N61: =K61+M61 -> 2094.75 | P61: 45798 | R61: PO / NBF / 210525 / 024 | T61: Venkateshwara Hatcheries Ltd
A62: 54 | B62: 45798 | D62: IB ASTRO (AEIBH) KILLED VAC | F62: 40 | G62: 1000 | H62: =F62*G62 -> 40000 | I62: Dose | K62: 3255 | L62: 0.05 | M62: =K62*L62 -> 162.75 | N62: =K62+M62 -> 3417.75 | P62: 45798 | R62: PO / NBF / 210525 / 024 | T62: Venkateshwara Hatcheries Ltd
A63: 55 | B63: 45798 | D63: IBH KILLED VAC | F63: 70 | G63: 1000 | H63: =F63*G63 -> 70000 | I63: Dose | K63: 1575 | L63: 0.05 | M63: =K63*L63 -> 78.75 | N63: =K63+M63 -> 1653.75 | P63: 45798 | R63: PO / NBF / 210525 / 024 | T63: Venkateshwara Hatcheries Ltd
A64: 56 | B64: 45798 | D64: ND (Visa-15) KILLED VAC | F64: 25 | G64: 1000 | H64: =F64*G64 -> 25000 | I64: Dose | K64: 1025 | L64: 0.05 | M64: =K64*L64 -> 51.25 | N64: =K64+M64 -> 1076.25 | P64: 45798 | R64: PO / NBF / 210525 / 024 | T64: Venkateshwara Hatcheries Ltd
A65: 57 | B65: 45798 | D65: VENNEW BRO (ND+IB Multi) KILLED | F65: 25 | G65: 1000 | H65: =F65*G65 -> 25000 | I65: Dose | K65: 3145 | L65: 0.05 | M65: =K65*L65 -> 157.25 | N65: =K65+M65 -> 3302.25 | P65: 45798 | R65: PO / NBF / 210525 / 024 | T65: Venkateshwara Hatcheries Ltd
A66: 58 | B66: 45798 | D66: VH CORE-4 (Coryza+ORT) KILLED | F66: 41 | G66: 1000 | H66: =F66*G66 -> 41000 | I66: Dose | K66: 1549 | L66: 0.05 | M66: =K66*L66 -> 77.45 | N66: =K66+M66 -> 1626.45 | P66: 45798 | R66: PO / NBF / 210525 / 024 | T66: Venkateshwara Hatcheries Ltd
A67: 59 | B67: 45798 | D67: VH F1-C7 (FC+IC) KILLED VAC | F67: 41 | G67: 1000 | H67: =F67*G67 -> 41000 | I67: Dose | K67: 2363 | L67: 0.05 | M67: =K67*L67 -> 118.15 | N67: =K67+M67 -> 2481.15 | P67: 45798 | R67: PO / NBF / 210525 / 024 | T67: Venkateshwara Hatcheries Ltd
... A77: 69 | B77: 45798 | D77: Nobilis REO INAC KILLED VAC (MSD) | F77: 41 | G77: 1000 | H77: =F77*G77 -> 41000 | I77: Dose | K77: 3432 | L77: 0.05 | M77: =K77*L77 -> 171.6 | N77: =K77+M77 -> 3603.6 | P77: 45798 | R77: PO / NBF / 210525 / 025 | T77: Venkateshwara Marketing Hyd
A78: 70 | B78: 45799 | D78: MYCOSORB A+ (Alltech) | F78: 40 | G78: 25 | H78: =F78*G78 -> 1000 | I78: Kg | K78: 6250 | M78: =K78*L78 -> 0 | N78: =K78+M78 -> 6250 | P78: 45799 | R78: PO / NBF / 220525 / 026 | T78: Alltech Biotechnology Pvt Ltd
A79: 71 | B79: 45799 | D79: HIMFLORA (Himalaya) | F79: 40 | G79: 5 | H79: =F79*G79 -> 200 | I79: Kg | K79: 2875 | M79: =K79*L79 -> 0 | N79: =K79+M79 -> 2875 | P79: 45799 | R79: PO / NBF / 220525 / 027 | T79: Das Drug Centre Pvt Ltd, Habra
A80: 72 | B80: 45799 | D80: CLOSTAT - 365 / 12 DRY (Kemin) | F80: 8 | G80: 25 | H80: =F80*G80 -> 200 | I80: Kg | K80: 12500 | M80: =K80*L80 -> 0 | N80: =K80+M80 -> 12500 | P80: 45799 | R80: PO / NBF / 220525 / 028 | T80: Kemin Industries South Asia
A81: 73 | B81: 45804 | D81: CHLORAN-15% (Zenex-AH) | F81: 8 | G81: 25 | H81: =F81*G81 -> 200 | I81: Kg | K81: 6000 | M81: =K81*L81 -> 0 | N81: =K81+M81 -> 6000 | P81: 45804 | R81: PO / NBF / 270525 / 029 | T81: Das Drug Centre Pvt Ltd, Habra
A82: 74 | B82: 45804 | D82: KOLIN PLUS (Natural Remedies) | F82: 20 | G82: 25 | H82: =F82*G82 -> 500 | I82: Kg | K82: 1750 | M82: =K82*L82 -> 0 | N82: =K82+M82 -> 1750 | P82: 45804 | R82: PO / NBF / 270525 / 029 | T82: Das Drug Centre Pvt Ltd, Habra
A83: 75 | B83: 45804 | D83: INORGANIC TRACE MINERALS (Custom) | F83: 40 | G83: 25 | H83: =F83*G83 -> 1000 | I83: Kg | K83: 2750 | M83: =K83*L83 -> 0 | N83: =K83+M83 -> 2750 | P83: 45804 | R83: PO / NBF / 270525 / 030 | T83: Trouw Nutrition India Pvt Ltd
A84: 76 | B84: 45811 | D84: RECEPTAL VET (MSD) | F84: 20 | G84: 10 | H84: =F84*G84 -> 200 | I84: Ml | K84: 625 | L84: 0.12 | M84: =K84*L84 -> 75 | N84: =K84+M84 -> 700 | P84: 45812 | R84: PO / NBF / 040625 / 031 | T84: Bhavani Veterianary Medical Hyd
A85: 77 | B85: 45811 | D85: TILMOVET (Huvepharma) | F85: 36 | G85: 960 | H85: =F85*G85 -> 34560 | I85: Ml | K85: 9300 | L85: 0.12 | M85: =K85*L85 -> 1116 | N85: =K85+M85 -> 10416 | P85: 45812 | R85: PO / NBF / 040625 / 032 | T85: Huvepharma Sea Pune Pvt Ltd
A86: 78 | B86: 45811 | D86: SOLUCAL (AHP Division) | F86: 20 | G86: 5 | H86: =F86*G86 -> 100 | I86: Ltr | K86: 692 | M86: =K86*L86 -> 0 | N86: =K86+M86 -> 692 | P86: 45812 | R86: PO / NBF / 040625 / 033 | T86: Venkys India Limited - AHP Division
A87: 79 | B87: 45811 | D87: VENDOX-N (AHP Division) | F87: 80 | G87: 250 | H87: =F87*G87 -> 20000 | I87: Gms | K87: 467 | L87: 0.12 | M87: =K87*L87 -> 56.04 | N87: =K87+M87 -> 523.04 | P87: 45812 | R87: PO / NBF / 040625 / 033 | T87: Venkys India Limited - AHP Division
A88: 80 | B88: Order By R.S Roy | D88: MCP (Channen) | F88: 400 | G88: 25 | H88: =F88*G88 -> 10000 | I88: Kg | K88: 1822.03 | L88: 0.18 | M88: =K88*L88 -> 327.9654 | N88: =K88+M88 -> 2149.9954 | P88: 45814 | R88: PO / NBF / 060625/ 034 | T88: Sneha Farms Pvt Ltd Hyderabad
A89: 81 | B89: Order By Sumit Das | D89: TRUE ACTIVE D-3 (Sapience) | F89: 2 | G89: 10 | H89: =F89*G89 -> 20 | I89: Kg | K89: 11000 | M89: =K89*L89 -> 0 | N89: =K89+M89 -> 11000 | P89: 45821 | R89: PO / NBF / 130625/ 035 | T89: Quest Agrovet Services Pvt Ltd
A90: 82 | B90: Order By Sumit Das | D90: TRUE ACTIVE D-3 (Sapience) | F90: 20 | G90: 10 | H90: =F90*G90 -> 200 | I90: Kg | K90: 7700 | M90: =K90*L90 -> 0 | N90: =K90+M90 -> 7700 | P90: 45824 | R90: PO / NBF / 160625/ 036 | T90: Sapience Agribusiness Cons LLP
A91: 83 | B91: 45822 | D91: VALOSIN (Timoeva Wellness) | F91: 1 | G91: 14 | H91: =F91*G91 -> 14 | I91: Kg | K91: 319000 | L91: 0.12 | M91: =K91*L91 -> 38280 | N91: =K91+M91 -> 357280 | P91: 45824 | R91: PO / NBF / 160625/ 037 | T91: Das Drug Centre Pvt Ltd, Habra
A92: 84 | B92: Order By Sumit Das | D92: CUOXINE (Nutridian) | F92: 2 | G92: 25 | H92: =F92*G92 -> 50 | I92: Kg | K92: 16250 | M92: =K92*L92 -> 0 | N92: =K92+M92 -> 16250 | P92: 45825 | R92: PO / NBF / 170625/ 038 | T92: Nutridian Animal Health Thane M
A93: 85 | B93: Order By Sumit Das | D93: OVULANTA-P (Mankind) | F93: 40 | G93: 5 | H93: =F93*G93 -> 200 | I93: Kg | K93: 1600 | M93: =K93*L93 -> 0 | N93: =K93+M93 -> 1600 | P93: 45826 | R93: PO / NBF / 180625/ 039 | T93: Das Drug Centre Pvt Ltd, Habra
A94: 86 | B94: 45828 | D94: HIMFLORA (Himalaya) | F94: 100 | G94: 5 | H94: =F94*G94 -> 500 | I94: Kg | K94: 2875 | M94: =K94*L94 -> 0 | N94: =K94+M94 -> 2875 | P94: 45828 | R94: PO / NBF / 200625/ 040 | T94: Das Drug Centre Pvt Ltd, Habra
A95: 87 | B95: 45828 | D95: ROVIMIX BREEDER (DSM) | F95: 40 | G95: 25 | H95: =F95*G95 -> 1000 | I95: Kg | K95: 20000 | M95: =K95*L95 -> 0 | N95: =K95+M95 -> 20000 | P95: 45832 | R95: PO / NBF / 240625/ 041 | T95: Global Chemicals Ltd Kolkata
A96: 88 | B96: 45833 | D96: TYLOMAX Injection (Intas) | F96: 100 | G96: 100 | H96: =F96*G96 -> 10000 | I96: Ml | K96: 258 | L96: 0.12 | M96: =K96*L96 -> 30.96 | N96: =K96+M96 -> 288.96 | P96: 45833 | R96: PO / NBF / 250625/ 042 | T96: Tara Enterprises Hyderabad
A97: 89 | B97: 45835 | D97: SPERMED (Medichem Product) | F97: 40 | G97: 1 | H97: =F97*G97 -> 40 | I97: Kg | K97: 3500 | M97: =K97*L97 -> 0 | N97: =K97+M97 -> 3500 | P97: 45836 | R97: PO / NBF / 280625/ 043 | T97: Healers Associates Vijayawada AP
A98: 90 | B98: EMERGENCY | D98: ROVIMIX OVN BREEDER (DSM) | F98: 4 | G98: 25 | H98: =F98*G98 -> 100 | I98: Kg | K98: 15750 | M98: =K98*L98 -> 0 | N98: =K98+M98 -> 15750 | P98: 45840 | R98: PO / NBF / 020725/ 044 | T98: Tara Enterprises Hyderabad
A99: 91 | B99: 45843 | D99: ALVIBAC - MD (Alivira) | F99: 20 | G99: 25 | H99: =F99*G99 -> 500 | I99: Kg | K99: 6250 | M99: =K99*L99 -> 0 | N99: =K99+M99 -> 6250 | P99: 45843 | R99: PO / NBF / 050725/ 045 | T99: Alivira Animal Health Ltd
A100: 92 | B100: 45843 | D100: MYCOSORB A+ (Alltech) | F100: 40 | G100: 25 | H100: =F100*G100 -> 1000 | I100: Kg | K100: 6250 | M100: =K100*L100 -> 0 | N100: =K100+M100 -> 6250 | P100: 45843 | R100: PO / NBF / 050725/ 046 | T100: Alltech Biotechnology Pvt Ltd
A101: 93 | B101: 45848 | D101: AQUAMAX (BV Biocrop) | F101: 20 | G101: 5 | H101: =F101*G101 -> 100 | I101: Ltr | K101: 457 | L101: 0.18 | M101: =K101*L101 -> 82.26 | N101: =K101+M101 -> 539.26 | P101: 45849 | R101: PO / NBF / 110725/ 047 | T101: B V Biocrop - Hitech Division
A102: 94 | B102: 45848 | D102: B-904 (BV Biocrop) | F102: 20 | G102: 5 | H102: =F102*G102 -> 100 | I102: Ltr | K102: 3273 | L102: 0.18 | M102: =K102*L102 -> 589.14 | N102: =K102+M102 -> 3862.14 | P102: 45849 | R102: PO / NBF / 110725/ 047 | T102: B V Biocrop - Hitech Division
A103: 95 | B103: 45848 | D103: SAFEGARD (BV Biocrop) | F103: 20 | G103: 5 | H103: =F103*G103 -> 100 | I103: Ltr | K103: 1172 | L103: 0.18 | M103: =K103*L103 -> 210.96 | N103: =K103+M103 -> 1382.96 | P103: 45849 | R103: PO / NBF / 110725/ 047 | T103: B V Biocrop - Hitech Division
A104: 96 | B104: 45848 | D104: ENROCIN 10% (Zoetis) | F104: 12 | G104: 5 | H104: =F104*G104 -> 60 | I104: Ltr | K104: 2626 | L104: 0.12 | M104: =K104*L104 -> 315.12 | N104: =K104+M104 -> 2941.12 | P104: 45849 | R104: PO / NBF / 110725/ 048 | T104: Das Drug Centre Pvt Ltd, Habra
A105: 97 | B105: 45848 | D105: HIM-C (Himalaya) | F105: 504 | G105: 1 | H105: =F105*G105 -> 504 | I105: Ltr | K105: 135 | M105: =K105*L105 -> 0 | N105: =K105+M105 -> 135 | P105: 45849 | R105: PO / NBF / 110725/ 048 | T105: Das Drug Centre Pvt Ltd, Habra
A106: 98 | B106: 45848 | D106: LIV-52 PROTEC PFS (Himalaya) | F106: 20 | G106: 5 | H106: =F106*G106 -> 100 | I106: Ltr | K106: 495 | M106: =K106*L106 -> 0 | N106: =K106+M106 -> 495 | P106: 45849 | R106: PO / NBF / 110725/ 048 | T106: Das Drug Centre Pvt Ltd, Habra
A107: 99 | B107: 45848 | D107: OVULANTA-P (Mankind) | F107: 60 | G107: 5 | H107: =F107*G107 -> 300 | I107: Kg | K107: 1600 | M107: =K107*L107 -> 0 | N107: =K107+M107 -> 1600 | P107: 45849 | R107: PO / NBF / 110725/ 048 | T107: Das Drug Centre Pvt Ltd, Habra
A108: 100 | B108: 45848 | D108: Oxytetracycline-LA Inje. (Zenex-AH) | F108: 400 | G108: 50 | H108: =F108*G108 -> 20000 | I108: Ml | K108: 116 | L108: 0.12 | M108: =K108*L108 -> 13.92 | N108: =K108+M108 -> 129.92 | P108: 45849 | R108: PO / NBF / 110725/ 048 | T108: Das Drug Centre Pvt Ltd, Habra
A109: 101 | B109: 45848 | D109: Tylomax Injection (Intas) | F109: 200 | G109: 100 | H109: =F109*G109 -> 20000 | I109: Ml | K109: 225 | L109: 0.12 | M109: =K109*L109 -> 27 | N109: =K109+M109 -> 252 | P109: 45849 | R109: PO / NBF / 110725/ 048 | T109: Das Drug Centre Pvt Ltd, Habra
A110: 102 | B110: 45848 | D110: VALOSIN (Timoeva Wellness) | F110: 1 | G110: 14 | H110: =F110*G110 -> 14 | I110: Kg | K110: 319000 | L110: 0.12 | M110: =K110*L110 -> 38280 | N110: =K110+M110 -> 357280 | P110: 45849 | R110: PO / NBF / 110725/ 048 | T110: Das Drug Centre Pvt Ltd, Habra
A111: 103 | B111: 45848 | D111: SELVIT-E (AHP Division) | F111: 60 | G111: 200 | H111: =F111*G111 -> 12000 | I111: Gms | K111: 278 | M111: =K111*L111 -> 0 | N111: =K111+M111 -> 278 | P111: 45849 | R111: PO / NBF / 110725/ 049 | T111: Venkys India Limited - AHP Division
A112: 104 | B112: 45848 | D112: SOLUCAL (AHP Division) | F112: 40 | G112: 5 | H112: =F112*G112 -> 200 | I112: Ltr | K112: 692 | M112: =K112*L112 -> 0 | N112: =K112+M112 -> 692 | P112: 45849 | R112: PO / NBF / 110725/ 049 | T112: Venkys India Limited - AHP Division
A113: 105 | B113: 45848 | D113: FLYVIN (We Care Animal Health) | F113: 100 | G113: 1 | H113: =F113*G113 -> 100 | I113: Kg | K113: 720 | M113: =K113*L113 -> 0 | N113: =K113+M113 -> 720 | P113: 45849 | R113: PO / NBF / 110725/ 050 | T113: We Care Animal Health Bengal
A114: 106 | B114: 45867 | D114: CITRINAL (Alivira) | F114: 25 | G114: 20 | H114: =F114*G114 -> 500 | I114: Kg | K114: 2900 | M114: =K114*L114 -> 0 | N114: =K114+M114 -> 2900 | P114: 45867 | R114: PO / NBF / 290725/ 051 | T114: Alivira Animal Health Ltd
A115: 107 | B115: 45869 | D115: LEMASOL-P (Zenex-AH) | F115: 30 | G115: 1 | H115: =F115*G115 -> 30 | I115: Kg | K115: 3408 | L115: 0.12 | M115: =K115*L115 -> 408.96 | N115: =K115+M115 -> 3816.96 | P115: 45869 | R115: PO / NBF / 310725/ 052 | T115: Das Drug Centre Pvt Ltd, Habra
A116: 108 | B116: 45869 | D116: MG BAC KILLED VAC (Zoetis) | F116: 39 | G116: 1000 | H116: =F116*G116 -> 39000 | I116: Dose | K116: 6862 | L116: 0.05 | M116: =K116*L116 -> 343.1 | N116: =K116+M116 -> 7205.1 | P116: 45869 | R116: PO / NBF / 310725/ 052 | T116: Das Drug Centre Pvt Ltd, Habra
A117: 109 | B117: 45869 | D117: ILT (G-10000) Live Vaccine | F117: 41 | G117: 1000 | H117: =F117*G117 -> 41000 | I117: Dose | K117: 1500.04 | L117: 0.05 | M117: =K117*L117 -> 75.002 | N117: =K117+M117 -> 1575.042 | P117: 45869 | R117: PO / NBF / 310725/ 053 | T117: Hester Biosciences Ltd Hyderabad
A118: 110 | B118: 45869 | D118: Inactivated Pullet ND (LPAI) VAC | F118: 89 | G118: 1000 | H118: =F118*G118 -> 89000 | I118: Dose | K118: 945.02 | L118: 0.05 | M118: =K118*L118 -> 47.251 | N118: =K118+M118 -> 992.271 | P118: 45869 | R118: PO / NBF / 310725/ 053 | T118: Hester Biosciences Ltd Hyderabad
A119: 111 | B119: 45869 | D119: Inactivated Pullet ND (HPAI) VAC | F119: 41 | G119: 1000 | H119: =F119*G119 -> 41000 | I119: Dose | K119: 2499.31 | L119: 0.05 | M119: =K119*L119 -> 124.9655 | N119: =K119+M119 -> 2624.2755 | P119: 45869 | R119: PO / NBF / 310725/ 053 | T119: Hester Biosciences Ltd Hyderabad
...

Sheet Account Details Apr25 - Mar26
B3: NBF | F3: ACCOUNT DETAILS AS PER PO OF NARAENDRA BREEDING FARMS | S3: =+'Order Details Apr25 - Mar26'!T3:T3 -> Last update as on 31.03.2026
B5: INDENT | D5: NARAENDRA FARMS | F5: D E T A I L S A B O U T I T E M | K5: D E T A I L S A B O U T O R D E R | P5: D E T A I L S A B O U T P A Y M E N T
B7: PURCHASE ORDER DATE | D7: NAME OF SUPPLIER | F7: ITEM DESCRIPTION | H7: OREDR QTY | I7: UOM | K7: PO CODE DATE & PO NO | N7: Payable Amount | P7: GRN DATE | Q7: GRN NO | R7: CR LIMIT | S7: PAYMENT SCHEDULE | T7: PAYMENT AMOUNT | U7: DATE OF PAYMENT
P8: mm/dd/yy | U8: mm/dd/yy
A9: 1 | B9: =+'Order Details Apr25 - Mar26'!P9 -> 0 | D9: =+'Order Details Apr25 - Mar26'!T9 -> Not Issued by mistake | F9: =+'Order Details Apr25 - Mar26'!D9 -> Not Issued by mistake | H9: =+'Order Details Apr25 - Mar26'!H9 -> 0 | I9: =+'Order Details Apr25 - Mar26'!I9 -> 0 | K9: =+'Order Details Apr25 - Mar26'!R9 -> PO / NBF / 080425 / 001 | N9: ='Order Details Apr25 - Mar26'!F9*'Order Details Apr25 - Mar26'!N9 -> 0 | R9: 7 | S9: =P9+R9 -> 7
A10: 2 | B10: =+'Order Details Apr25 - Mar26'!P10 -> 45757 | D10: =+'Order Details Apr25 - Mar26'!T10 -> Das Drug Centre Pvt Ltd, Habra | F10: =+'Order Details Apr25 - Mar26'!D10 -> MG BAC KILLED VAC (Zoetis) | H10: =+'Order Details Apr25 - Mar26'!H10 -> 100000 | I10: =+'Order Details Apr25 - Mar26'!I10 -> Dose | K10: =+'Order Details Apr25 - Mar26'!R10 -> PO / NBF / 100425 / 002 | N10: ='Order Details Apr25 - Mar26'!F10*'Order Details Apr25 - Mar26'!N10 -> 733110 | R10: 45
A11: 3 | B11: =+'Order Details Apr25 - Mar26'!P11 -> 45757 | D11: =+'Order Details Apr25 - Mar26'!T11 -> Das Drug Centre Pvt Ltd, Habra | F11: =+'Order Details Apr25 - Mar26'!D11 -> VALOSIN (Timoeva Wellness) | H11: =+'Order Details Apr25 - Mar26'!H11 -> 14 | I11: =+'Order Details Apr25 - Mar26'!I11 -> Kg | K11: =+'Order Details Apr25 - Mar26'!R11 -> PO / NBF / 100425 / 002 | N11: ='Order Details Apr25 - Mar26'!F11*'Order Details Apr25 - Mar26'!N11 -> 357280 | R11: 45
A12: 4 | B12: =+'Order Details Apr25 - Mar26'!P12 -> 45757 | D12: =+'Order Details Apr25 - Mar26'!T12 -> Hester Biosciences Ltd Hyderabad | F12: =+'Order Details Apr25 - Mar26'!D12 -> ILT (G-10000) Live Vaccine | H12: =+'Order Details Apr25 - Mar26'!H12 -> 50000 | I12: =+'Order Details Apr25 - Mar26'!I12 -> Dose | K12: =+'Order Details Apr25 - Mar26'!R12 -> PO / NBF / 100425 / 003 | N12: ='Order Details Apr25 - Mar26'!F12*'Order Details Apr25 - Mar26'!N12 -> 78750 | R12: 7
A13: 5 | B13: =+'Order Details Apr25 - Mar26'!P13 -> 45757 | D13: =+'Order Details Apr25 - Mar26'!T13 -> Hester Biosciences Ltd Hyderabad | F13: =+'Order Details Apr25 - Mar26'!D13 -> Inactivated Pullet ND (HPAI) VAC | H13: =+'Order Details Apr25 - Mar26'!H13 -> 50000 | I13: =+'Order Details Apr25 - Mar26'!I13 -> Dose | K13: =+'Order Details Apr25 - Mar26'!R13 -> PO / NBF / 100425 / 003 | N13: ='Order Details Apr25 - Mar26'!F13*'Order Details Apr25 - Mar26'!N13 -> 131192.77 | R13: 7
A14: 6 | B14: =+'Order Details Apr25 - Mar26'!P14 -> 45757 | D14: =+'Order Details Apr25 - Mar26'!T14 -> Venkateshwara Hatcheries Ltd | F14: =+'Order Details Apr25 - Mar26'!D14 -> IB (MassType) Live Vacine | H14: =+'Order Details Apr25 - Mar26'!H14 -> 50000 | I14: =+'Order Details Apr25 - Mar26'!I14 -> Dose | K14: =+'Order Details Apr25 - Mar26'!R14 -> PO / NBF / 100425 / 004 | N14: ='Order Details Apr25 - Mar26'!F14*'Order Details Apr25 - Mar26'!N14 -> 5565 | R14: 7
A15: 7 | B15: =+'Order Details Apr25 - Mar26'!P15 -> 45757 | D15: =+'Order Details Apr25 - Mar26'!T15 -> Venkateshwara Hatcheries Ltd | F15: =+'Order Details Apr25 - Mar26'!D15 -> Fowl Pox Live Vaccine | H15: =+'Order Details Apr25 - Mar26'!H15 -> 50000 | I15: =+'Order Details Apr25 - Mar26'!I15 -> Dose | K15: =+'Order Details Apr25 - Mar26'!R15 -> PO / NBF / 100425 / 004 | N15: ='Order Details Apr25 - Mar26'!F15*'Order Details Apr25 - Mar26'!N15 -> 6562.5 | R15: 7
A16: 8 | B16: =+'Order Details Apr25 - Mar26'!P16 -> 45757 | D16: =+'Order Details Apr25 - Mar26'!T16 -> Venkateshwara Hatcheries Ltd | F16: =+'Order Details Apr25 - Mar26'!D16 -> AE KILLED VAC | H16: =+'Order Details Apr25 - Mar26'!H16 -> 50000 | I16: =+'Order Details Apr25 - Mar26'!I16 -> Dose | K16: =+'Order Details Apr25 - Mar26'!R16 -> PO / NBF / 100425 / 004 | N16: ='Order Details Apr25 - Mar26'!F16*'Order Details Apr25 - Mar26'!N16 -> 104737.5 | R16: 7
A17: 9 | B17: =+'Order Details Apr25 - Mar26'!P17 -> 45757 | D17: =+'Order Details Apr25 - Mar26'!T17 -> Venkateshwara Hatcheries Ltd | F17: =+'Order Details Apr25 - Mar26'!D17 -> IB ASTRO (AEIBH) KILLED VAC | H17: =+'Order Details Apr25 - Mar26'!H17 -> 50000 | I17: =+'Order Details Apr25 - Mar26'!I17 -> Dose | K17: =+'Order Details Apr25 - Mar26'!R17 -> PO / NBF / 100425 / 004 | N17: ='Order Details Apr25 - Mar26'!F17*'Order Details Apr25 - Mar26'!N17 -> 170887.5 | R17: 7
A18: 10 | B18: =+'Order Details Apr25 - Mar26'!P18 -> 45757 | D18: =+'Order Details Apr25 - Mar26'!T18 -> Venkateshwara Hatcheries Ltd | F18: =+'Order Details Apr25 - Mar26'!D18 -> IBD KILLED VAC (Venkys) | H18: =+'Order Details Apr25 - Mar26'!H18 -> 50000 | I18: =+'Order Details Apr25 - Mar26'!I18 -> Dose | K18: =+'Order Details Apr25 - Mar26'!R18 -> PO / NBF / 100425 / 004 | N18: ='Order Details Apr25 - Mar26'!F18*'Order Details Apr25 - Mar26'!N18 -> 117600 | R18: 7
A19: 11 | B19: =+'Order Details Apr25 - Mar26'!P19 -> 45757 | D19: =+'Order Details Apr25 - Mar26'!T19 -> Venkateshwara Hatcheries Ltd | F19: =+'Order Details Apr25 - Mar26'!D19 -> IBH KILLED VAC (Venkys) | H19: =+'Order Details Apr25 - Mar26'!H19 -> 50000 | I19: =+'Order Details Apr25 - Mar26'!I19 -> Dose | K19: =+'Order Details Apr25 - Mar26'!R19 -> PO / NBF / 100425 / 004 | N19: ='Order Details Apr25 - Mar26'!F19*'Order Details Apr25 - Mar26'!N19 -> 82687.5 | R19: 7
A20: 12 | B20: =+'Order Details Apr25 - Mar26'!P20 -> 45757 | D20: =+'Order Details Apr25 - Mar26'!T20 -> Venkateshwara Hatcheries Ltd | F20: =+'Order Details Apr25 - Mar26'!D20 -> SALMONELLA KILLED VAC | H20: =+'Order Details Apr25 - Mar26'!H20 -> 50000 | I20: =+'Order Details Apr25 - Mar26'!I20 -> Dose | K20: =+'Order Details Apr25 - Mar26'!R20 -> PO / NBF / 100425 / 004 | N20: ='Order Details Apr25 - Mar26'!F20*'Order Details Apr25 - Mar26'!N20 -> 148837.5 | R20: 7
A21: 13 | B21: =+'Order Details Apr25 - Mar26'!P21 -> 45757 | D21: =+'Order Details Apr25 - Mar26'!T21 -> Venkateshwara Hatcheries Ltd | F21: =+'Order Details Apr25 - Mar26'!D21 -> VENNEW BRO (ND+IB Multi) KILLED | H21: =+'Order Details Apr25 - Mar26'!H21 -> 50000 | I21: =+'Order Details Apr25 - Mar26'!I21 -> Dose | K21: =+'Order Details Apr25 - Mar26'!R21 -> PO / NBF / 100425 / 004 | N21: ='Order Details Apr25 - Mar26'!F21*'Order Details Apr25 - Mar26'!N21 -> 165112.5 | R21: 7
... A287: 279 | B287: =+'Order Details Apr25 - Mar26'!P287 -> 46107 | D287: =+'Order Details Apr25 - Mar26'!T287 -> Global Chemicals Ltd Kolkata | F287: =+'Order Details Apr25 - Mar26'!D287 -> ROVIMIX OVN BREEDER CBY (DSM) | H287: =+'Order Details Apr25 - Mar26'!H287 -> 100 | I287: =+'Order Details Apr25 - Mar26'!I287 -> Kg | K287: =+'Order Details Apr25 - Mar26'!R287 -> PO / NBF / 260226 / 151 | N287: ='Order Details Apr25 - Mar26'!F287*'Order Details Apr25 - Mar26'!N287 -> 384375 | R287: 15
A288: 280 | B288: =+'Order Details Apr25 - Mar26'!P288 -> 0 | D288: =+'Order Details Apr25 - Mar26'!T288 -> 0 | F288: =+'Order Details Apr25 - Mar26'!D288 -> 0 | H288: =+'Order Details Apr25 - Mar26'!H288 -> 0 | I288: =+'Order Details Apr25 - Mar26'!I288 -> 0 | K288: =+'Order Details Apr25 - Mar26'!R288 -> 0 | N288: ='Order Details Apr25 - Mar26'!F288*'Order Details Apr25 - Mar26'!N288 -> 0
A289: 281 | B289: =+'Order Details Apr25 - Mar26'!P289 -> 0 | D289: =+'Order Details Apr25 - Mar26'!T289 -> 0 | F289: =+'Order Details Apr25 - Mar26'!D289 -> 0 | H289: =+'Order Details Apr25 - Mar26'!H289 -> 0 | I289: =+'Order Details Apr25 - Mar26'!I289 -> 0 | K289: =+'Order Details Apr25 - Mar26'!R289 -> 0 | N289: ='Order Details Apr25 - Mar26'!F289*'Order Details Apr25 - Mar26'!N289 -> 0
A290: 282 | B290: =+'Order Details Apr25 - Mar26'!P290 -> 0 | D290: =+'Order Details Apr25 - Mar26'!T290 -> 0 | F290: =+'Order Details Apr25 - Mar26'!D290 -> 0 | H290: =+'Order Details Apr25 - Mar26'!H290 -> 0 | I290: =+'Order Details Apr25 - Mar26'!I290 -> 0 | K290: =+'Order Details Apr25 - Mar26'!R290 -> 0 | N290: ='Order Details Apr25 - Mar26'!F290*'Order Details Apr25 - Mar26'!N290 -> 0
A291: 283 | B291: =+'Order Details Apr25 - Mar26'!P291 -> 0 | D291: =+'Order Details Apr25 - Mar26'!T291 -> 0 | F291: =+'Order Details Apr25 - Mar26'!D291 -> 0 | H291: =+'Order Details Apr25 - Mar26'!H291 -> 0 | I291: =+'Order Details Apr25 - Mar26'!I291 -> 0 | K291: =+'Order Details Apr25 - Mar26'!R291 -> 0 | N291: ='Order Details Apr25 - Mar26'!F291*'Order Details Apr25 - Mar26'!N291 -> 0
A292: 284 | B292: =+'Order Details Apr25 - Mar26'!P292 -> 0 | D292: =+'Order Details Apr25 - Mar26'!T292 -> 0 | F292: =+'Order Details Apr25 - Mar26'!D292 -> 0 | H292: =+'Order Details Apr25 - Mar26'!H292 -> 0 | I292: =+'Order Details Apr25 - Mar26'!I292 -> 0 | K292: =+'Order Details Apr25 - Mar26'!R292 -> 0 | N292: ='Order Details Apr25 - Mar26'!F292*'Order Details Apr25 - Mar26'!N292 -> 0
A293: 285 | B293: =+'Order Details Apr25 - Mar26'!P293 -> 0 | D293: =+'Order Details Apr25 - Mar26'!T293 -> 0 | F293: =+'Order Details Apr25 - Mar26'!D293 -> 0 | H293: =+'Order Details Apr25 - Mar26'!H293 -> 0 | I293: =+'Order Details Apr25 - Mar26'!I293 -> 0 | K293: =+'Order Details Apr25 - Mar26'!R293 -> 0 | N293: ='Order Details Apr25 - Mar26'!F293*'Order Details Apr25 - Mar26'!N293 -> 0
A294: 286 | B294: =+'Order Details Apr25 - Mar26'!P294 -> 0 | D294: =+'Order Details Apr25 - Mar26'!T294 -> 0 | F294: =+'Order Details Apr25 - Mar26'!D294 -> 0 | H294: =+'Order Details Apr25 - Mar26'!H294 -> 0 | I294: =+'Order Details Apr25 - Mar26'!I294 -> 0 | K294: =+'Order Details Apr25 - Mar26'!R294 -> 0 | N294: ='Order Details Apr25 - Mar26'!F294*'Order Details Apr25 - Mar26'!N294 -> 0
A295: 287 | B295: =+'Order Details Apr25 - Mar26'!P295 -> 0 | D295: =+'Order Details Apr25 - Mar26'!T295 -> 0 | F295: =+'Order Details Apr25 - Mar26'!D295 -> 0 | H295: =+'Order Details Apr25 - Mar26'!H295 -> 0 | I295: =+'Order Details Apr25 - Mar26'!I295 -> 0 | K295: =+'Order Details Apr25 - Mar26'!R295 -> 0 | N295: ='Order Details Apr25 - Mar26'!F295*'Order Details Apr25 - Mar26'!N295 -> 0
A296: 288 | B296: =+'Order Details Apr25 - Mar26'!P296 -> 0 | D296: =+'Order Details Apr25 - Mar26'!T296 -> 0 | F296: =+'Order Details Apr25 - Mar26'!D296 -> 0 | H296: =+'Order Details Apr25 - Mar26'!H296 -> 0 | I296: =+'Order Details Apr25 - Mar26'!I296 -> 0 | K296: =+'Order Details Apr25 - Mar26'!R296 -> 0 | N296: ='Order Details Apr25 - Mar26'!F296*'Order Details Apr25 - Mar26'!N296 -> 0
A297: 289 | B297: =+'Order Details Apr25 - Mar26'!P297 -> 0 | D297: =+'Order Details Apr25 - Mar26'!T297 -> 0 | F297: =+'Order Details Apr25 - Mar26'!D297 -> 0 | H297: =+'Order Details Apr25 - Mar26'!H297 -> 0 | I297: =+'Order Details Apr25 - Mar26'!I297 -> 0 | K297: =+'Order Details Apr25 - Mar26'!R297 -> 0 | N297: ='Order Details Apr25 - Mar26'!F297*'Order Details Apr25 - Mar26'!N297 -> 0
A298: 290 | B298: =+'Order Details Apr25 - Mar26'!P298 -> 0 | D298: =+'Order Details Apr25 - Mar26'!T298 -> 0 | F298: =+'Order Details Apr25 - Mar26'!D298 -> 0 | H298: =+'Order Details Apr25 - Mar26'!H298 -> 0 | I298: =+'Order Details Apr25 - Mar26'!I298 -> 0 | K298: =+'Order Details Apr25 - Mar26'!R298 -> 0 | N298: ='Order Details Apr25 - Mar26'!F298*'Order Details Apr25 - Mar26'!N298 -> 0
A299: 291 | B299: =+'Order Details Apr25 - Mar26'!P299 -> 0 | D299: =+'Order Details Apr25 - Mar26'!T299 -> 0 | F299: =+'Order Details Apr25 - Mar26'!D299 -> 0 | H299: =+'Order Details Apr25 - Mar26'!H299 -> 0 | I299: =+'Order Details Apr25 - Mar26'!I299 -> 0 | K299: =+'Order Details Apr25 - Mar26'!R299 -> 0 | N299: ='Order Details Apr25 - Mar26'!F299*'Order Details Apr25 - Mar26'!N299 -> 0
A300: 292 | B300: =+'Order Details Apr25 - Mar26'!P300 -> 0 | D300: =+'Order Details Apr25 - Mar26'!T300 -> 0 | F300: =+'Order Details Apr25 - Mar26'!D300 -> 0 | H300: =+'Order Details Apr25 - Mar26'!H300 -> 0 | I300: =+'Order Details Apr25 - Mar26'!I300 -> 0 | K300: =+'Order Details Apr25 - Mar26'!R300 -> 0 | N300: ='Order Details Apr25 - Mar26'!F300*'Order Details Apr25 - Mar26'!N300 -> 0

Sheet Order Details April26-March27
B3: NBF | G3: ORDER DETAILS AS PER INDENT OF NARAENDRA BREEDING FARMS | T3: Last update as on 06.06.2026
B5: INDENT | D5: NARAENDRA FARMS | F5: D E T A I L S A B O U T I T E M | K5: D E T A I L S A B O U T P R I C E | P5: D E T A I L S A B O U T P U R C H A S E O R D E R
B7: DATE OF INDENT | D7: ITEM DESCRIPTION | F7: REQUIRE QTY | G7: PACK SIZE | H7: OREDR QTY | I7: UOM | K7: PRICE | L7: GST % | M7: GST Crgs | N7: NET PRICE | P7: PO RAISED ON | R7: PO CODE DATE / NO | T7: NAME OF SUPPLIER
A9: 1 | B9: 46126 | D9: SPERMED (Medichem Product) | F9: 50 | G9: 1 | H9: =F9*G9 -> 50 | I9: Kg | K9: 3500 | M9: =K9*L9 -> 0 | N9: =K9+M9 -> 3500 | P9: 46126 | R9: PO / NBF / 140426 / 001 | T9: Healers Associates Vijayawada AP
A10: 2 | B10: 46139 | D10: ND+IBD KILLED VAC | F10: 37 | G10: 1000 | H10: =F10*G10 -> 37000 | I10: Dose | K10: 2867 | L10: 0.05 | M10: =K10*L10 -> 143.35 | N10: =K10+M10 -> 3010.35 | P10: 46139 | R10: PO / NBF / 270426 / 002 | T10: Venkateshwara Hatcheries Ltd
A11: 3 | B11: 46139 | D11: VH HPEA (IBH) KILLED VAC | F11: 77 | G11: 1000 | H11: =F11*G11 -> 77000 | I11: Dose | K11: 2200 | L11: 0.05 | M11: =K11*L11 -> 110 | N11: =K11+M11 -> 2310 | P11: 46139 | R11: PO / NBF / 270426 / 002 | T11: Venkateshwara Hatcheries Ltd
A12: 4 | B12: 46139 | D12: VH V-4K (4way) KILLED VAC | F12: 37 | G12: 1000 | H12: =F12*G12 -> 37000 | I12: Dose | K12: 5304 | L12: 0.05 | M12: =K12*L12 -> 265.2 | N12: =K12+M12 -> 5569.2 | P12: 46139 | R12: PO / NBF / 270426 / 002 | T12: Venkateshwara Hatcheries Ltd
A13: 5 | B13: 46142 | D13: Inactivated Pullet ND (HPAI) VAC | F13: 31 | G13: 1000 | H13: =F13*G13 -> 31000 | I13: Dose | K13: 2499 | L13: 0.05 | M13: =K13*L13 -> 124.95 | N13: =K13+M13 -> 2623.95 | P13: 46142 | R13: PO / NBF / 300426 / 003 | T13: Hester Biosciences Limited
A14: 6 | B14: 46142 | D14: IBD Intermediate (Standard) Live | F14: 51 | G14: 1000 | H14: =F14*G14 -> 51000 | I14: Dose | K14: 178 | L14: 0.05 | M14: =K14*L14 -> 8.9 | N14: =K14+M14 -> 186.9 | P14: 46142 | R14: PO / NBF / 300426 / 004 | T14: Venkateshwara Hatcheries Ltd
A15: 7 | B15: 46142 | D15: IBD Intermediate (PlusType) Live | F15: 51 | G15: 1000 | H15: =F15*G15 -> 51000 | I15: Dose | K15: 240 | L15: 0.05 | M15: =K15*L15 -> 12 | N15: =K15+M15 -> 252 | P15: 46142 | R15: PO / NBF / 300426 / 004 | T15: Venkateshwara Hatcheries Ltd
A16: 8 | B16: 46142 | D16: ND+IBD KILLED VAC | F16: 31 | G16: 1000 | H16: =F16*G16 -> 31000 | I16: Dose | K16: 2867 | L16: 0.05 | M16: =K16*L16 -> 143.35 | N16: =K16+M16 -> 3010.35 | P16: 46142 | R16: PO / NBF / 300426 / 004 | T16: Venkateshwara Hatcheries Ltd
A17: 9 | B17: 46142 | D17: VH HPEA (IBH) KILLED VAC | F17: 82 | G17: 1000 | H17: =F17*G17 -> 82000 | I17: Dose | K17: 2200 | L17: 0.05 | M17: =K17*L17 -> 110 | N17: =K17+M17 -> 2310 | P17: 46142 | R17: PO / NBF / 300426 / 004 | T17: Venkateshwara Hatcheries Ltd
A18: 10 | B18: 46142 | D18: VH VVND (VENGEM-9) KILLED VAC | F18: 82 | G18: 1000 | H18: =F18*G18 -> 82000 | I18: Dose | K18: 1045 | L18: 0.05 | M18: =K18*L18 -> 52.25 | N18: =K18+M18 -> 1097.25 | P18: 46142 | R18: PO / NBF / 300426 / 004 | T18: Venkateshwara Hatcheries Ltd
A19: 11 | B19: 46142 | D19: Sterile Diluent for Others Live | F19: 105 | G19: 30 | H19: =F19*G19 -> 3150 | I19: Ml | K19: 1.75 | L19: 0.05 | M19: =K19*L19 -> 0.0875 | N19: =K19+M19 -> 1.8375 | P19: 46142 | R19: PO / NBF / 300426 / 004 | T19: Venkateshwara Hatcheries Ltd
A20: 12 | B20: 46142 | D20: Nobilis IB 4/91 Live Vac (MSD) | F20: 51 | G20: 1000 | H20: =F20*G20 -> 51000 | I20: Dose | K20: 1350 | L20: 0.05 | M20: =K20*L20 -> 67.5 | N20: =K20+M20 -> 1417.5 | P20: 46142 | R20: PO / NBF / 300426 / 005 | T20: Venkateshwara Marketing HYD
A21: 13 | B21: 46142 | D21: Nobilis IB MA-5 Live Vac (MSD) | F21: 51 | G21: 1000 | H21: =F21*G21 -> 51000 | I21: Dose | K21: 480 | L21: 0.05 | M21: =K21*L21 -> 24 | N21: =K21+M21 -> 504 | P21: 46142 | R21: PO / NBF / 300426 / 005 | T21: Venkateshwara Marketing HYD
... A24: 16 | B24: 46142 | D24: PREVEXXION MAREK's Vac (Boehringer) | F24: 51 | G24: 2000 | H24: =F24*G24 -> 102000 | I24: Dose | K24: 5225 | L24: 0.05 | M24: =K24*L24 -> 261.25 | N24: =K24+M24 -> 5486.25 | P24: 46144 | R24: PO / NBF / 020526 / 006 | T24: Quest Agrovet Services Pvt Ltd
A25: 17 | B25: 46149 | D25: TOXFIN-360 DRY (Kemin) | F25: 60 | G25: 25 | H25: =F25*G25 -> 1500 | I25: Kg | K25: 3375 | M25: =K25*L25 -> 0 | N25: =K25+M25 -> 3375 | P25: 46150 | R25: PO / NBF / 080526 / 007 | T25: Kemin Industries South Asia
A26: 18 | B26: 46149 | D26: Hipraviar TRT VAC (Hipra) | F26: 62 | G26: 1000 | H26: =F26*G26 -> 62000 | I26: Dose | K26: 5200 | L26: 0.05 | M26: =K26*L26 -> 260 | N26: =K26+M26 -> 5460 | P26: 46150 | R26: PO / NBF / 080526 / 008 | T26: Das Drug Centre Pvt Ltd W Bengal
A27: 19 | B27: 46149 | D27: MICROVIT-E 50% (Adisseo) | F27: 12 | G27: 25 | H27: =F27*G27 -> 300 | I27: Kg | K27: 31250 | M27: =K27*L27 -> 0 | N27: =K27+M27 -> 31250 | P27: 46153 | R27: PO / NBF / 110526 / 009 | T27: Jeco Nutri Chem Pvt Ltd Kolkata
A28: 20 | B28: 46153 | D28: CORYZA KILLED VAC (Boehringer) | F28: 51 | G28: 1000 | H28: =F28*G28 -> 51000 | I28: Dose | K28: 1900 | L28: 0.05 | M28: =K28*L28 -> 95 | N28: =K28+M28 -> 1995 | P28: 46154 | R28: PO / NBF / 120526 / 010 | T28: Das Drug Centre Pvt Ltd W Bengal
A29: 21 | B29: 46153 | D29: R2B Live Vaccine | F29: 51 | G29: 1000 | H29: =F29*G29 -> 51000 | I29: Dose | K29: 138 | L29: 0.05 | M29: =K29*L29 -> 6.9 | N29: =K29+M29 -> 144.9 | P29: 46154 | R29: PO / NBF / 120526 / 011 | T29: Venkateshwara Hatcheries Ltd
A30: 22 | B30: 46153 | D30: ND (Visa-15) KILLED VAC | F30: 51 | G30: 1000 | H30: =F30*G30 -> 51000 | I30: Dose | K30: 1025 | L30: 0.05 | M30: =K30*L30 -> 51.25 | N30: =K30+M30 -> 1076.25 | P30: 46154 | R30: PO / NBF / 120526 / 011 | T30: Venkateshwara Hatcheries Ltd
A31: 23 | B31: 46153 | D31: Sterile Diluent for R2B Live | F31: 55 | G31: 500 | H31: =F31*G31 -> 27500 | I31: Ml | K31: 1.75 | L31: 0.05 | M31: =K31*L31 -> 0.0875 | N31: =K31+M31 -> 1.8375 | P31: 46154 | R31: PO / NBF / 120526 / 011 | T31: Venkateshwara Hatcheries Ltd
A32: 24 | B32: 46153 | D32: Nobilis IB MA-5+ND Clone-30 Live (MSD) | F32: 77 | G32: 1000 | H32: =F32*G32 -> 77000 | I32: Dose | K32: 400 | L32: 0.05 | M32: =K32*L32 -> 20 | N32: =K32+M32 -> 420 | P32: 46154 | R32: PO / NBF / 120526 / 012 | T32: Venkateshwara Marketing HYD
A33: 25 | B33: 46153 | D33: Nobilis Sg9R (Salmonella) Live Vac (MSD) | F33: 51 | G33: 1000 | H33: =F33*G33 -> 51000 | I33: Dose | K33: 6650 | L33: 0.05 | M33: =K33*L33 -> 332.5 | N33: =K33+M33 -> 6982.5 | P33: 46154 | R33: PO / NBF / 120526 / 012 | T33: Venkateshwara Marketing HYD
A34: 26 | B34: 46153 | D34: Nobilis REO INAC KILLED VAC (MSD) | F34: 51 | G34: 1000 | H34: =F34*G34 -> 51000 | I34: Dose | K34: 3432 | L34: 0.05 | M34: =K34*L34 -> 171.6 | N34: =K34+M34 -> 3603.6 | P34: 46154 | R34: PO / NBF / 120526 / 012 | T34: Venkateshwara Marketing HYD
A35: 27 | B35: 46153 | D35: BIOSPARK GOLD (AHP DIV) | F35: 40 | G35: 5 | H35: =F35*G35 -> 200 | I35: Kg | K35: 2306 | M35: =K35*L35 -> 0 | N35: =K35+M35 -> 2306 | P35: 46154 | R35: PO / NBF / 120526 / 013 | T35: Venkys India Limited - AHP Division
A36: 28 | B36: 46153 | D36: SOLEX-M (AHP DIV) | F36: 150 | G36: 100 | H36: =F36*G36 -> 15000 | I36: Gms | K36: 101 | M36: =K36*L36 -> 0 | N36: =K36+M36 -> 101 | P36: 46154 | R36: PO / NBF / 120526 / 013 | T36: Venkys India Limited - AHP Division
A37: 29 | B37: 46153 | D37: LAYVIT REGULAR (Hitech Div) | F37: 40 | G37: 5 | H37: =F37*G37 -> 200 | I37: Kg | K37: 2985 | M37: =K37*L37 -> 0 | N37: =K37+M37 -> 2985 | P37: 46154 | R37: PO / NBF / 120526 / 014 | T37: B V Biocrop - Hitech Division
A38: 30 | B38: 46157 | D38: HEPATOCARE PREMIX (Varsha) | F38: 40 | G38: 25 | H38: =F38*G38 -> 1000 | I38: Kg | J38: R | K38: 1750 | M38: =K38*L38 -> 0 | N38: =K38+M38 -> 1750 | P38: 46162 | R38: PO / NBF / 200526 / 015 | T38: Varsha Multitech Bangalore
A39: 31 | B39: 46176 | D39: OREGOSTIM-1X (Saife Vet) | F39: 60 | G39: 5 | H39: =F39*G39 -> 300 | I39: Kg | K39: 4750 | M39: =K39*L39 -> 0 | N39: =K39+M39 -> 4750 | P39: 46177 | R39: PO / NBF / 040626 / 016 | T39: Agrioma Life Science - Kolkata
A40: 32 | B40: 46176 | D40: SAF MANANS (Phileo) | F40: 14 | G40: 25 | H40: =F40*G40 -> 350 | I40: Kg | K40: 10500 | M40: =K40*L40 -> 0 | N40: =K40+M40 -> 10500 | P40: 46177 | R40: PO / NBF / 040626 / 017 | T40: Bengal Agrovet Pvt Ltd - Kolkata
A41: 33 | B41: 46176 | D41: BUTI GEM (Kemin) | F41: 24 | G41: 25 | H41: =F41*G41 -> 600 | I41: Kg | K41: 9750 | M41: =K41*L41 -> 0 | N41: =K41+M41 -> 9750 | P41: 46177 | R41: PO / NBF / 040626 / 018 | T41: Kemin Industries South Asia
A42: 34 | B42: 46176 | D42: ENDOX-T DRY (Kemin) | F42: 12 | G42: 25 | H42: =F42*G42 -> 300 | I42: Kg | K42: 2625 | M42: =K42*L42 -> 0 | N42: =K42+M42 -> 2625 | P42: 46177 | R42: PO / NBF / 040626 / 018 | T42: Kemin Industries South Asia
A43: 35 | B43: 46176 | D43: KEMTRACE SUPREME (Kemin) | F43: 40 | G43: 25 | H43: =F43*G43 -> 1000 | I43: Kg | K43: 6500 | M43: =K43*L43 -> 0 | N43: =K43+M43 -> 6500 | P43: 46177 | R43: PO / NBF / 040626 / 018 | T43: Kemin Industries South Asia
A44: 36 | B44: 46176 | D44: KEMZYME PROTEASE (Kemin) | F44: 12 | G44: 25 | H44: =F44*G44 -> 300 | I44: Kg | K44: 11250 | M44: =K44*L44 -> 0 | N44: =K44+M44 -> 11250 | P44: 46177 | R44: PO / NBF / 040626 / 018 | T44: Kemin Industries South Asia
A45: 37 | B45: 46176 | D45: PHYGEST-10000 (Kemin) | F45: 6 | G45: 25 | H45: =F45*G45 -> 150 | I45: Kg | K45: 11250 | M45: =K45*L45 -> 0 | N45: =K45+M45 -> 11250 | P45: 46177 | R45: PO / NBF / 040626 / 018 | T45: Kemin Industries South Asia
A46: 38 | B46: 46176 | D46: TOXFIN-360 DRY (Kemin) | F46: 80 | G46: 25 | H46: =F46*G46 -> 2000 | I46: Kg | K46: 3375 | M46: =K46*L46 -> 0 | N46: =K46+M46 -> 3375 | P46: 46177 | R46: PO / NBF / 040626 / 018 | T46: Kemin Industries South Asia
A47: 39 | B47: 46176 | D47: CHLORAN-15% (Zenex-AH) | F47: 12 | G47: 25 | H47: =F47*G47 -> 300 | I47: Kg | K47: 5250 | M47: =K47*L47 -> 0 | N47: =K47+M47 -> 5250 | P47: 46178 | R47: PO / NBF / 050626 / 019 | T47: Das Drug Centre Pvt Ltd W Bengal
A48: 40 | B48: 46176 | D48: ND (Lasota) Live Vaccine | F48: 75 | G48: 2000 | H48: =F48*G48 -> 150000 | I48: Dose | K48: 120 | L48: 0.05 | M48: =K48*L48 -> 6 | N48: =K48+M48 -> 126 | P48: 46179 | R48: PO / NBF / 060626 / 020 | T48: Venkateshwara Hatcheries Ltd
A49: 41 | B49: 46176 | D49: Sterile Diluent for Live Vaccine | F49: 80 | G49: 60 | H49: =F49*G49 -> 4800 | I49: Ml | K49: 2 | L49: 0.05 | M49: =K49*L49 -> 0.1 | N49: =K49+M49 -> 2.1 | P49: 46179 | R49: PO / NBF / 060626 / 020 | T49: Venkateshwara Hatcheries Ltd
A50: 42 | H50: =F50*G50 -> 0 | M50: =K50*L50 -> 0 | N50: =K50+M50 -> 0
A51: 43 | H51: =F51*G51 -> 0 | M51: =K51*L51 -> 0 | N51: =K51+M51 -> 0
A52: 44 | H52: =F52*G52 -> 0 | M52: =K52*L52 -> 0 | N52: =K52+M52 -> 0
A53: 45 | H53: =F53*G53 -> 0 | M53: =K53*L53 -> 0 | N53: =K53+M53 -> 0
A54: 46 | H54: =F54*G54 -> 0 | M54: =K54*L54 -> 0 | N54: =K54+M54 -> 0
A55: 47 | H55: =F55*G55 -> 0 | M55: =K55*L55 -> 0 | N55: =K55+M55 -> 0
A56: 48 | H56: =F56*G56 -> 0 | M56: =K56*L56 -> 0 | N56: =K56+M56 -> 0
A57: 49 | H57: =F57*G57 -> 0 | M57: =K57*L57 -> 0 | N57: =K57+M57 -> 0
A58: 50 | H58: =F58*G58 -> 0 | M58: =K58*L58 -> 0 | N58: =K58+M58 -> 0
A59: 51 | H59: =F59*G59 -> 0 | M59: =K59*L59 -> 0 | N59: =K59+M59 -> 0
A60: 52 | H60: =F60*G60 -> 0 | M60: =K60*L60 -> 0 | N60: =K60+M60 -> 0
A61: 53 | H61: =F61*G61 -> 0 | M61: =K61*L61 -> 0 | N61: =K61+M61 -> 0
... A80: 72 | H80: =F80*G80 -> 0 | M80: =K80*L80 -> 0 | N80: =K80+M80 -> 0

Sheet Account Details Apr26 - Mar27
B3: NBF | F3: ACCOUNT DETAILS AS PER PO OF NARAENDRA BREEDING FARMS | S3: =+'Order Details April26-March27'!T3 -> Last update as on 06.06.2026
B5: INDENT | D5: NARAENDRA FARMS | F5: D E T A I L S A B O U T I T E M | K5: D E T A I L S A B O U T O R D E R | P5: D E T A I L S A B O U T P A Y M E N T
B7: PURCHASE ORDER DATE | D7: NAME OF SUPPLIER | F7: ITEM DESCRIPTION | H7: OREDR QTY | I7: UOM | K7: PO CODE DATE & PO NO | N7: Payable Amount | P7: GRN DATE | Q7: GRN NO | R7: CR LIMIT | S7: PAYMENT SCHEDULE | T7: PAYMENT AMOUNT | U7: DATE OF PAYMENT
P8: mm/dd/yy | U8: mm/dd/yy
A9: 1 | B9: =+'Order Details April26-March27'!P9 -> 46126 | D9: =+'Order Details April26-March27'!T9 -> Healers Associates Vijayawada AP | F9: =+'Order Details April26-March27'!D9 -> SPERMED (Medichem Product) | H9: =+'Order Details April26-March27'!H9 -> 50 | I9: =+'Order Details April26-March27'!I9 -> Kg | K9: =+'Order Details April26-March27'!R9 -> PO / NBF / 140426 / 001 | N9: ='Order Details April26-March27'!F9*'Order Details April26-March27'!N9 -> 175000 | R9: 45
A10: 2 | B10: =+'Order Details April26-March27'!P10 -> 46139 | D10: =+'Order Details April26-March27'!T10 -> Venkateshwara Hatcheries Ltd | F10: =+'Order Details April26-March27'!D10 -> ND+IBD KILLED VAC | H10: =+'Order Details April26-March27'!H10 -> 37000 | I10: =+'Order Details April26-March27'!I10 -> Dose | K10: =+'Order Details April26-March27'!R10 -> PO / NBF / 270426 / 002 | N10: ='Order Details April26-March27'!F10*'Order Details April26-March27'!N10 -> 111382.95 | R10: 5
